{
  "type": "FeatureCollection",
  "features": [
    {
      "type": "Feature",
      "id": "la-orotava",
      "properties": {
        "name": "La Orotava",
        "province": "Santa Cruz de Tenerife",
        "autonomousCommunity": "Canarias",
        "osmRelationId": 345388,
        "source": "OpenStreetMap contributors, via Overpass API"
      },
      "geometry": {
        "type": "Polygon",
        "coordinates": [
          [
            [
              -16.5043193,
              28.4242652
            ],
            [
              -16.5047062,
              28.4240824
            ],
            [
              -16.505485,
              28.4235959
            ],
            [
              -16.5059844,
              28.423285
            ],
            [
              -16.5066476,
              28.4229902
            ],
            [
              -16.5067314,
              28.4231031
            ],
            [
              -16.5070439,
              28.4233507
            ],
            [
              -16.50708,
              28.4233443
            ],
            [
              -16.5071919,
              28.4233627
            ],
            [
              -16.5072405,
              28.4233468
            ],
            [
              -16.5073031,
              28.4232898
            ],
            [
              -16.5074439,
              28.423299
            ],
            [
              -16.5075429,
              28.423252
            ],
            [
              -16.5076291,
              28.4232464
            ],
            [
              -16.5076987,
              28.423219
            ],
            [
              -16.5076407,
              28.4230394
            ],
            [
              -16.5075853,
              28.4230091
            ],
            [
              -16.5075801,
              28.4229444
            ],
            [
              -16.5073619,
              28.42262
            ],
            [
              -16.5072224,
              28.4224795
            ],
            [
              -16.5071112,
              28.4223886
            ],
            [
              -16.5073898,
              28.4221584
            ],
            [
              -16.5077976,
              28.4218894
            ],
            [
              -16.5086099,
              28.4214458
            ],
            [
              -16.5100726,
              28.4207069
            ],
            [
              -16.5116478,
              28.4200406
            ],
            [
              -16.5121546,
              28.4198145
            ],
            [
              -16.5126016,
              28.4196739
            ],
            [
              -16.5129899,
              28.4195764
            ],
            [
              -16.5131939,
              28.4195548
            ],
            [
              -16.513228,
              28.4195072
            ],
            [
              -16.5133086,
              28.4194917
            ],
            [
              -16.5134073,
              28.4195028
            ],
            [
              -16.5134673,
              28.4194627
            ],
            [
              -16.5134324,
              28.4193862
            ],
            [
              -16.5140705,
              28.4191955
            ],
            [
              -16.5146562,
              28.4191028
            ],
            [
              -16.5150931,
              28.4190623
            ],
            [
              -16.5156338,
              28.4190659
            ],
            [
              -16.5163007,
              28.4190995
            ],
            [
              -16.5164835,
              28.4191461
            ],
            [
              -16.5165913,
              28.4191613
            ],
            [
              -16.5166191,
              28.4191782
            ],
            [
              -16.5168356,
              28.4192233
            ],
            [
              -16.517001,
              28.4192718
            ],
            [
              -16.5171675,
              28.4192894
            ],
            [
              -16.5172952,
              28.4192807
            ],
            [
              -16.5173982,
              28.4193192
            ],
            [
              -16.5175458,
              28.4193313
            ],
            [
              -16.517843,
              28.419298
            ],
            [
              -16.5179727,
              28.4193008
            ],
            [
              -16.5182086,
              28.4193856
            ],
            [
              -16.5180908,
              28.4195495
            ],
            [
              -16.5180832,
              28.4196052
            ],
            [
              -16.5180998,
              28.4196361
            ],
            [
              -16.5181428,
              28.4196392
            ],
            [
              -16.5182163,
              28.4197378
            ],
            [
              -16.5182939,
              28.4197646
            ],
            [
              -16.5183831,
              28.4197328
            ],
            [
              -16.5184489,
              28.4197767
            ],
            [
              -16.518488,
              28.4198498
            ],
            [
              -16.5185774,
              28.4198617
            ],
            [
              -16.5186509,
              28.4198211
            ],
            [
              -16.5186888,
              28.4197622
            ],
            [
              -16.5187521,
              28.4197024
            ],
            [
              -16.5188011,
              28.4196411
            ],
            [
              -16.5188471,
              28.4195361
            ],
            [
              -16.5189153,
              28.4195399
            ],
            [
              -16.5189945,
              28.4195157
            ],
            [
              -16.5190503,
              28.419482
            ],
            [
              -16.5191403,
              28.4194763
            ],
            [
              -16.5191941,
              28.4194155
            ],
            [
              -16.5191207,
              28.4193598
            ],
            [
              -16.5189398,
              28.4192922
            ],
            [
              -16.5188325,
              28.4191998
            ],
            [
              -16.5186611,
              28.4191241
            ],
            [
              -16.5187002,
              28.4189039
            ],
            [
              -16.5187733,
              28.4187185
            ],
            [
              -16.5188881,
              28.4185532
            ],
            [
              -16.5190047,
              28.4184341
            ],
            [
              -16.5191236,
              28.4183319
            ],
            [
              -16.5192612,
              28.4184123
            ],
            [
              -16.5193167,
              28.4183835
            ],
            [
              -16.5193042,
              28.4183154
            ],
            [
              -16.5192737,
              28.4182513
            ],
            [
              -16.5198072,
              28.4181145
            ],
            [
              -16.5203407,
              28.4180105
            ],
            [
              -16.5208288,
              28.417945
            ],
            [
              -16.5209485,
              28.4179442
            ],
            [
              -16.5209619,
              28.4179941
            ],
            [
              -16.5209945,
              28.4180326
            ],
            [
              -16.5210384,
              28.4180282
            ],
            [
              -16.5210647,
              28.4179864
            ],
            [
              -16.521052,
              28.4179435
            ],
            [
              -16.5213954,
              28.4179412
            ],
            [
              -16.5213974,
              28.4180355
            ],
            [
              -16.5215283,
              28.4181447
            ],
            [
              -16.521522,
              28.4183177
            ],
            [
              -16.5214216,
              28.4184172
            ],
            [
              -16.5215316,
              28.4184934
            ],
            [
              -16.5217535,
              28.4185506
            ],
            [
              -16.5219932,
              28.4186883
            ],
            [
              -16.5221957,
              28.4187685
            ],
            [
              -16.5222788,
              28.4187397
            ],
            [
              -16.5220429,
              28.4186523
            ],
            [
              -16.5219738,
              28.4185401
            ],
            [
              -16.5218371,
              28.4184522
            ],
            [
              -16.5218347,
              28.4183111
            ],
            [
              -16.5218733,
              28.4181694
            ],
            [
              -16.5223099,
              28.4176746
            ],
            [
              -16.5225035,
              28.4175108
            ],
            [
              -16.5227789,
              28.4173861
            ],
            [
              -16.5230854,
              28.4173151
            ],
            [
              -16.5233129,
              28.4172887
            ],
            [
              -16.5232129,
              28.4169957
            ],
            [
              -16.5231286,
              28.4168071
            ],
            [
              -16.5230636,
              28.4165461
            ],
            [
              -16.5230402,
              28.4163388
            ],
            [
              -16.5229872,
              28.416204
            ],
            [
              -16.5229242,
              28.4160784
            ],
            [
              -16.522923,
              28.4159971
            ],
            [
              -16.5229519,
              28.4158795
            ],
            [
              -16.5230518,
              28.4157249
            ],
            [
              -16.5231793,
              28.4153625
            ],
            [
              -16.5232187,
              28.4152628
            ],
            [
              -16.5232462,
              28.4150459
            ],
            [
              -16.5232434,
              28.4148473
            ],
            [
              -16.523096,
              28.4145331
            ],
            [
              -16.523019,
              28.4141459
            ],
            [
              -16.5228722,
              28.4138768
            ],
            [
              -16.5227872,
              28.4136431
            ],
            [
              -16.5227314,
              28.4133097
            ],
            [
              -16.5228097,
              28.4130742
            ],
            [
              -16.5227871,
              28.412921
            ],
            [
              -16.5227137,
              28.4127865
            ],
            [
              -16.5225779,
              28.4125714
            ],
            [
              -16.5224522,
              28.4123472
            ],
            [
              -16.5223465,
              28.4120956
            ],
            [
              -16.5223123,
              28.4118433
            ],
            [
              -16.5223182,
              28.4115454
            ],
            [
              -16.5223364,
              28.4113918
            ],
            [
              -16.522343,
              28.411139
            ],
            [
              -16.5222578,
              28.4108872
            ],
            [
              -16.5221436,
              28.4107531
            ],
            [
              -16.5220094,
              28.4106554
            ],
            [
              -16.5217321,
              28.4105321
            ],
            [
              -16.5214748,
              28.4103906
            ],
            [
              -16.521238,
              28.4102488
            ],
            [
              -16.5210308,
              28.4100345
            ],
            [
              -16.5208017,
              28.4097212
            ],
            [
              -16.5206204,
              28.4092449
            ],
            [
              -16.5203902,
              28.4088504
            ],
            [
              -16.5202107,
              28.4084372
            ],
            [
              -16.5200932,
              28.4080685
            ],
            [
              -16.5200194,
              28.4079068
            ],
            [
              -16.5209657,
              28.4076977
            ],
            [
              -16.5220235,
              28.4074242
            ],
            [
              -16.5223689,
              28.407312
            ],
            [
              -16.5230808,
              28.4071235
            ],
            [
              -16.5234462,
              28.4069841
            ],
            [
              -16.5236798,
              28.4069002
            ],
            [
              -16.523894,
              28.4068888
            ],
            [
              -16.524058,
              28.4069321
            ],
            [
              -16.5241709,
              28.4069759
            ],
            [
              -16.524356,
              28.4070731
            ],
            [
              -16.5246016,
              28.4071155
            ],
            [
              -16.5248162,
              28.4071312
            ],
            [
              -16.5250708,
              28.4070922
            ],
            [
              -16.5255979,
              28.4068336
            ],
            [
              -16.5259023,
              28.4067038
            ],
            [
              -16.5262778,
              28.4065552
            ],
            [
              -16.5266438,
              28.4064518
            ],
            [
              -16.5269189,
              28.4064126
            ],
            [
              -16.5272342,
              28.4063369
            ],
            [
              -16.527519,
              28.4062615
            ],
            [
              -16.527804,
              28.4062042
            ],
            [
              -16.5280382,
              28.4061654
            ],
            [
              -16.5282224,
              28.4061995
            ],
            [
              -16.5284583,
              28.406278
            ],
            [
              -16.5288902,
              28.4064988
            ],
            [
              -16.5290859,
              28.406623
            ],
            [
              -16.5293823,
              28.4066467
            ],
            [
              -16.5298424,
              28.4066957
            ],
            [
              -16.5302396,
              28.4066371
            ],
            [
              -16.5307439,
              28.4062163
            ],
            [
              -16.5316477,
              28.4058902
            ],
            [
              -16.5321448,
              28.405677
            ],
            [
              -16.5325509,
              28.405519
            ],
            [
              -16.5328857,
              28.4053799
            ],
            [
              -16.5330578,
              28.4052787
            ],
            [
              -16.5332601,
              28.40515
            ],
            [
              -16.5334213,
              28.4050038
            ],
            [
              -16.5336915,
              28.4046307
            ],
            [
              -16.5338412,
              28.4043944
            ],
            [
              -16.5339106,
              28.4042492
            ],
            [
              -16.5340111,
              28.4041398
            ],
            [
              -16.5343353,
              28.4039737
            ],
            [
              -16.5344366,
              28.4039184
            ],
            [
              -16.534558,
              28.4038448
            ],
            [
              -16.5349468,
              28.4031996
            ],
            [
              -16.5354178,
              28.4025896
            ],
            [
              -16.5354763,
              28.4023994
            ],
            [
              -16.5354734,
              28.4022009
            ],
            [
              -16.5354801,
              28.4019571
            ],
            [
              -16.535508,
              28.4017673
            ],
            [
              -16.5355058,
              28.4016139
            ],
            [
              -16.5355442,
              28.401451
            ],
            [
              -16.5356522,
              28.4011519
            ],
            [
              -16.5358923,
              28.4008153
            ],
            [
              -16.5361213,
              28.4004156
            ],
            [
              -16.5361901,
              28.4002343
            ],
            [
              -16.536299,
              28.3999984
            ],
            [
              -16.5363579,
              28.3998353
            ],
            [
              -16.5363749,
              28.3996005
            ],
            [
              -16.5364408,
              28.3992116
            ],
            [
              -16.5364679,
              28.3989677
            ],
            [
              -16.5365166,
              28.3988047
            ],
            [
              -16.5365146,
              28.3986693
            ],
            [
              -16.5365037,
              28.3986243
            ],
            [
              -16.5365223,
              28.3984977
            ],
            [
              -16.5366018,
              28.3983434
            ],
            [
              -16.5368328,
              28.3980881
            ],
            [
              -16.5371446,
              28.3977687
            ],
            [
              -16.5374872,
              28.397458
            ],
            [
              -16.5377596,
              28.3972383
            ],
            [
              -16.5379821,
              28.3971004
            ],
            [
              -16.5381351,
              28.3970896
            ],
            [
              -16.5382579,
              28.3971153
            ],
            [
              -16.5383701,
              28.397105
            ],
            [
              -16.5384611,
              28.3970498
            ],
            [
              -16.5385106,
              28.396941
            ],
            [
              -16.5386108,
              28.3968135
            ],
            [
              -16.5387219,
              28.396731
            ],
            [
              -16.5389155,
              28.3967108
            ],
            [
              -16.5392429,
              28.3967612
            ],
            [
              -16.5396724,
              28.3968195
            ],
            [
              -16.5402351,
              28.3969125
            ],
            [
              -16.5404918,
              28.3970179
            ],
            [
              -16.5406564,
              28.3971062
            ],
            [
              -16.5407094,
              28.397241
            ],
            [
              -16.5407715,
              28.3973035
            ],
            [
              -16.5409042,
              28.397302
            ],
            [
              -16.5412916,
              28.3972705
            ],
            [
              -16.5415971,
              28.3972219
            ],
            [
              -16.5419349,
              28.3972903
            ],
            [
              -16.5427126,
              28.3974259
            ],
            [
              -16.543153,
              28.3975292
            ],
            [
              -16.5436024,
              28.3975512
            ],
            [
              -16.544114,
              28.3976357
            ],
            [
              -16.544431,
              28.3976772
            ],
            [
              -16.5447481,
              28.3977286
            ],
            [
              -16.545095,
              28.3977157
            ],
            [
              -16.5454111,
              28.397694
            ],
            [
              -16.5456972,
              28.3977179
            ],
            [
              -16.5461267,
              28.3977762
            ],
            [
              -16.5462908,
              28.3978285
            ],
            [
              -16.5464854,
              28.3978714
            ],
            [
              -16.5468522,
              28.3978311
            ],
            [
              -16.5475631,
              28.3976515
            ],
            [
              -16.5479502,
              28.397602
            ],
            [
              -16.5482145,
              28.3975268
            ],
            [
              -16.5485598,
              28.3974056
            ],
            [
              -16.5488943,
              28.3972483
            ],
            [
              -16.5489852,
              28.3971841
            ],
            [
              -16.5491176,
              28.3971646
            ],
            [
              -16.5493326,
              28.3972072
            ],
            [
              -16.5495786,
              28.3972766
            ],
            [
              -16.5498851,
              28.3973002
            ],
            [
              -16.5502526,
              28.3973051
            ],
            [
              -16.5507741,
              28.3973713
            ],
            [
              -16.5511528,
              28.3974392
            ],
            [
              -16.5515003,
              28.3974714
            ],
            [
              -16.5518363,
              28.3974134
            ],
            [
              -16.5522337,
              28.3973727
            ],
            [
              -16.5527537,
              28.3973307
            ],
            [
              -16.5532757,
              28.3974331
            ],
            [
              -16.5538684,
              28.3974804
            ],
            [
              -16.5541861,
              28.3975671
            ],
            [
              -16.5544414,
              28.3975822
            ],
            [
              -16.5547347,
              28.3966944
            ],
            [
              -16.5548382,
              28.3960975
            ],
            [
              -16.5550441,
              28.3955176
            ],
            [
              -16.5551714,
              28.3951461
            ],
            [
              -16.5553799,
              28.3947466
            ],
            [
              -16.5554764,
              28.3943664
            ],
            [
              -16.5555139,
              28.3941404
            ],
            [
              -16.5556017,
              28.3938596
            ],
            [
              -16.5557221,
              28.3937228
            ],
            [
              -16.5560145,
              28.3934758
            ],
            [
              -16.5563277,
              28.3932556
            ],
            [
              -16.556621,
              28.3930718
            ],
            [
              -16.5570354,
              28.3927963
            ],
            [
              -16.5571462,
              28.3926957
            ],
            [
              -16.5573267,
              28.3924771
            ],
            [
              -16.5574253,
              28.3922413
            ],
            [
              -16.5574507,
              28.39188
            ],
            [
              -16.5574362,
              28.3915913
            ],
            [
              -16.5574842,
              28.3913832
            ],
            [
              -16.5576333,
              28.3911107
            ],
            [
              -16.557772,
              28.3908204
            ],
            [
              -16.5579932,
              28.3905922
            ],
            [
              -16.5583066,
              28.39039
            ],
            [
              -16.5586512,
              28.3902237
            ],
            [
              -16.5589035,
              28.3900312
            ],
            [
              -16.559224,
              28.3896124
            ],
            [
              -16.5593627,
              28.389331
            ],
            [
              -16.5595117,
              28.3890495
            ],
            [
              -16.5596499,
              28.3887321
            ],
            [
              -16.5597675,
              28.3883968
            ],
            [
              -16.5598357,
              28.3881794
            ],
            [
              -16.5599699,
              28.3875822
            ],
            [
              -16.5600961,
              28.3871385
            ],
            [
              -16.5601741,
              28.386894
            ],
            [
              -16.5602114,
              28.3866498
            ],
            [
              -16.5603,
              28.3864322
            ],
            [
              -16.5604311,
              28.3863224
            ],
            [
              -16.5607138,
              28.3861116
            ],
            [
              -16.5609062,
              28.3860101
            ],
            [
              -16.5611198,
              28.3859625
            ],
            [
              -16.5612619,
              28.3859068
            ],
            [
              -16.5613727,
              28.3858062
            ],
            [
              -16.5614906,
              28.385498
            ],
            [
              -16.5615968,
              28.3850816
            ],
            [
              -16.5616951,
              28.3848278
            ],
            [
              -16.5617843,
              28.3846463
            ],
            [
              -16.5619124,
              28.3843379
            ],
            [
              -16.5619804,
              28.3841025
            ],
            [
              -16.5620279,
              28.3838583
            ],
            [
              -16.5620864,
              28.3836771
            ],
            [
              -16.5620748,
              28.383578
            ],
            [
              -16.5620108,
              28.3833892
            ],
            [
              -16.5619677,
              28.3832362
            ],
            [
              -16.5618632,
              28.3830659
            ],
            [
              -16.561841,
              28.3829489
            ],
            [
              -16.5618577,
              28.382696
            ],
            [
              -16.5619048,
              28.3824247
            ],
            [
              -16.5619529,
              28.3822256
            ],
            [
              -16.5619901,
              28.3819815
            ],
            [
              -16.5619986,
              28.381864
            ],
            [
              -16.5621089,
              28.3817274
            ],
            [
              -16.5621269,
              28.3815647
            ],
            [
              -16.5621341,
              28.3813571
            ],
            [
              -16.5621213,
              28.3811857
            ],
            [
              -16.5620266,
              28.3809883
            ],
            [
              -16.5618603,
              28.3807826
            ],
            [
              -16.5617654,
              28.3805761
            ],
            [
              -16.5616702,
              28.3803425
            ],
            [
              -16.5616272,
              28.3801986
            ],
            [
              -16.5616144,
              28.3800183
            ],
            [
              -16.5616125,
              28.3798919
            ],
            [
              -16.5616005,
              28.3797657
            ],
            [
              -16.5615365,
              28.3795769
            ],
            [
              -16.5614112,
              28.3793888
            ],
            [
              -16.5614083,
              28.3791903
            ],
            [
              -16.5615174,
              28.3789725
            ],
            [
              -16.5616258,
              28.3787095
            ],
            [
              -16.5616732,
              28.3784653
            ],
            [
              -16.5617092,
              28.3781309
            ],
            [
              -16.5616866,
              28.3779868
            ],
            [
              -16.5616441,
              28.3778699
            ],
            [
              -16.5615292,
              28.3776907
            ],
            [
              -16.5613847,
              28.3775751
            ],
            [
              -16.5613306,
              28.3773681
            ],
            [
              -16.5612971,
              28.3771699
            ],
            [
              -16.5612538,
              28.376999
            ],
            [
              -16.5612413,
              28.3768457
            ],
            [
              -16.5612593,
              28.376683
            ],
            [
              -16.5614295,
              28.3764554
            ],
            [
              -16.5617502,
              28.3760546
            ],
            [
              -16.5618902,
              28.3758635
            ],
            [
              -16.5619491,
              28.3757004
            ],
            [
              -16.5619555,
              28.3755108
            ],
            [
              -16.5619438,
              28.3754116
            ],
            [
              -16.56187,
              28.37525
            ],
            [
              -16.561674,
              28.3751079
            ],
            [
              -16.5614783,
              28.3749838
            ],
            [
              -16.5613228,
              28.3748141
            ],
            [
              -16.561229,
              28.3746798
            ],
            [
              -16.561114,
              28.3744915
            ],
            [
              -16.5611018,
              28.3743563
            ],
            [
              -16.5611288,
              28.3741123
            ],
            [
              -16.5611768,
              28.3739042
            ],
            [
              -16.5612138,
              28.373642
            ],
            [
              -16.5612313,
              28.3734433
            ],
            [
              -16.5613196,
              28.3732076
            ],
            [
              -16.5613987,
              28.3730352
            ],
            [
              -16.5615545,
              28.372519
            ],
            [
              -16.5615829,
              28.3723743
            ],
            [
              -16.5615904,
              28.3721846
            ],
            [
              -16.5615265,
              28.3720049
            ],
            [
              -16.5614636,
              28.3718883
            ],
            [
              -16.5613899,
              28.3717357
            ],
            [
              -16.5613458,
              28.3715106
            ],
            [
              -16.5613609,
              28.3711494
            ],
            [
              -16.5614401,
              28.3706758
            ],
            [
              -16.5614547,
              28.3705887
            ],
            [
              -16.5613791,
              28.3703008
            ],
            [
              -16.5612324,
              28.3700407
            ],
            [
              -16.5610549,
              28.369763
            ],
            [
              -16.5608577,
              28.3695396
            ],
            [
              -16.5605779,
              28.369245
            ],
            [
              -16.5604111,
              28.3690032
            ],
            [
              -16.5602956,
              28.3687789
            ],
            [
              -16.5602107,
              28.3685543
            ],
            [
              -16.5601671,
              28.3683652
            ],
            [
              -16.5601929,
              28.36804
            ],
            [
              -16.5602042,
              28.3674172
            ],
            [
              -16.5601707,
              28.367219
            ],
            [
              -16.5602354,
              28.366758
            ],
            [
              -16.560299,
              28.3662247
            ],
            [
              -16.5603345,
              28.3658624
            ],
            [
              -16.5603504,
              28.3655554
            ],
            [
              -16.5603152,
              28.3652399
            ],
            [
              -16.5602207,
              28.3650605
            ],
            [
              -16.5600224,
              28.3647559
            ],
            [
              -16.5598459,
              28.3645503
            ],
            [
              -16.5597406,
              28.3643259
            ],
            [
              -16.5596561,
              28.3641283
            ],
            [
              -16.5596028,
              28.3639755
            ],
            [
              -16.5595899,
              28.3637861
            ],
            [
              -16.5596079,
              28.3636234
            ],
            [
              -16.5596576,
              28.3635326
            ],
            [
              -16.5597367,
              28.3633602
            ],
            [
              -16.5597745,
              28.3631522
            ],
            [
              -16.5597417,
              28.3630082
            ],
            [
              -16.5596774,
              28.3627923
            ],
            [
              -16.559563,
              28.3626492
            ],
            [
              -16.5592749,
              28.3624811
            ],
            [
              -16.5590976,
              28.3622213
            ],
            [
              -16.5589809,
              28.3619158
            ],
            [
              -16.5589584,
              28.3617717
            ],
            [
              -16.5587919,
              28.360853
            ],
            [
              -16.5585886,
              28.3602055
            ],
            [
              -16.5585318,
              28.3598091
            ],
            [
              -16.5585693,
              28.359583
            ],
            [
              -16.558648,
              28.3593835
            ],
            [
              -16.558706,
              28.3591663
            ],
            [
              -16.5587238,
              28.3589856
            ],
            [
              -16.5587295,
              28.3586786
            ],
            [
              -16.5586538,
              28.3583817
            ],
            [
              -16.5585278,
              28.3581394
            ],
            [
              -16.55835,
              28.3578436
            ],
            [
              -16.558122,
              28.3576026
            ],
            [
              -16.5578324,
              28.3573351
            ],
            [
              -16.5577084,
              28.3572282
            ],
            [
              -16.5575227,
              28.3570859
            ],
            [
              -16.5572964,
              28.3569622
            ],
            [
              -16.5570594,
              28.3568024
            ],
            [
              -16.5569757,
              28.356659
            ],
            [
              -16.5568695,
              28.3563714
            ],
            [
              -16.5568665,
              28.3561638
            ],
            [
              -16.5569544,
              28.3559011
            ],
            [
              -16.5569611,
              28.3556573
            ],
            [
              -16.5569272,
              28.3554321
            ],
            [
              -16.5569341,
              28.3552064
            ],
            [
              -16.5569998,
              28.3548175
            ],
            [
              -16.5569841,
              28.3544387
            ],
            [
              -16.5569999,
              28.3541226
            ],
            [
              -16.5570362,
              28.3538153
            ],
            [
              -16.5570429,
              28.3535716
            ],
            [
              -16.5570286,
              28.3532919
            ],
            [
              -16.5569741,
              28.3530579
            ],
            [
              -16.5568688,
              28.3528335
            ],
            [
              -16.5567531,
              28.3525911
            ],
            [
              -16.5565974,
              28.3524124
            ],
            [
              -16.5564496,
              28.3520711
            ],
            [
              -16.5563329,
              28.3517656
            ],
            [
              -16.5562886,
              28.3515224
            ],
            [
              -16.5563354,
              28.3512331
            ],
            [
              -16.5564212,
              28.350826
            ],
            [
              -16.5565298,
              28.350572
            ],
            [
              -16.5566294,
              28.3504084
            ],
            [
              -16.5567684,
              28.3501451
            ],
            [
              -16.5568569,
              28.3499185
            ],
            [
              -16.5569449,
              28.3496557
            ],
            [
              -16.5569926,
              28.3494295
            ],
            [
              -16.5570385,
              28.349077
            ],
            [
              -16.5570145,
              28.3488336
            ],
            [
              -16.5569595,
              28.3485635
            ],
            [
              -16.5567659,
              28.3478798
            ],
            [
              -16.5567224,
              28.3476907
            ],
            [
              -16.5565474,
              28.3475844
            ],
            [
              -16.5563534,
              28.3475776
            ],
            [
              -16.5560975,
              28.3475174
            ],
            [
              -16.5559125,
              28.3474202
            ],
            [
              -16.5557575,
              28.3472866
            ],
            [
              -16.5556327,
              28.3471256
            ],
            [
              -16.5555988,
              28.3469003
            ],
            [
              -16.5556052,
              28.3466385
            ],
            [
              -16.5556923,
              28.3463126
            ],
            [
              -16.5557487,
              28.3459871
            ],
            [
              -16.5557041,
              28.3457258
            ],
            [
              -16.5556203,
              28.3455734
            ],
            [
              -16.5554546,
              28.3454038
            ],
            [
              -16.5552683,
              28.3452254
            ],
            [
              -16.555123,
              28.3450556
            ],
            [
              -16.5550902,
              28.3449025
            ],
            [
              -16.5551273,
              28.3446494
            ],
            [
              -16.5552447,
              28.3443051
            ],
            [
              -16.5553208,
              28.3439252
            ],
            [
              -16.5554177,
              28.3435721
            ],
            [
              -16.5554622,
              28.3431293
            ],
            [
              -16.555557,
              28.3426318
            ],
            [
              -16.5555613,
              28.3422257
            ],
            [
              -16.5554606,
              28.3416221
            ],
            [
              -16.5558906,
              28.3403266
            ],
            [
              -16.5563209,
              28.3369552
            ],
            [
              -16.5565076,
              28.3350668
            ],
            [
              -16.5566822,
              28.3331244
            ],
            [
              -16.5567917,
              28.3322387
            ],
            [
              -16.5569567,
              28.3302602
            ],
            [
              -16.5571706,
              28.3281459
            ],
            [
              -16.5573996,
              28.3256613
            ],
            [
              -16.5576132,
              28.3235199
            ],
            [
              -16.5577714,
              28.3217852
            ],
            [
              -16.5579789,
              28.3199236
            ],
            [
              -16.5580206,
              28.3185874
            ],
            [
              -16.5580062,
              28.3176038
            ],
            [
              -16.5579792,
              28.3164489
            ],
            [
              -16.5579909,
              28.3158531
            ],
            [
              -16.5579102,
              28.3138143
            ],
            [
              -16.5578914,
              28.31043
            ],
            [
              -16.5581204,
              28.3100483
            ],
            [
              -16.5587107,
              28.3092654
            ],
            [
              -16.5598356,
              28.3073843
            ],
            [
              -16.5608813,
              28.3056665
            ],
            [
              -16.5618466,
              28.3040309
            ],
            [
              -16.56341,
              28.301522
            ],
            [
              -16.5649719,
              28.2988507
            ],
            [
              -16.5653379,
              28.2980793
            ],
            [
              -16.5657046,
              28.2980571
            ],
            [
              -16.5664778,
              28.2979309
            ],
            [
              -16.5688562,
              28.2974072
            ],
            [
              -16.5719052,
              28.2967132
            ],
            [
              -16.5742836,
              28.2961894
            ],
            [
              -16.5791412,
              28.2950683
            ],
            [
              -16.5820483,
              28.294448
            ],
            [
              -16.5842029,
              28.2939627
            ],
            [
              -16.5864286,
              28.2934675
            ],
            [
              -16.5890199,
              28.2928688
            ],
            [
              -16.5892698,
              28.2945897
            ],
            [
              -16.5901283,
              28.3002024
            ],
            [
              -16.591401,
              28.3082932
            ],
            [
              -16.5915559,
              28.3091036
            ],
            [
              -16.5919168,
              28.3121048
            ],
            [
              -16.5921767,
              28.3138076
            ],
            [
              -16.5922649,
              28.3146612
            ],
            [
              -16.6078397,
              28.306926
            ],
            [
              -16.6080933,
              28.30687
            ],
            [
              -16.6408727,
              28.2998471
            ],
            [
              -16.6666749,
              28.2917143
            ],
            [
              -16.6683923,
              28.2913504
            ],
            [
              -16.6719375,
              28.2761637
            ],
            [
              -16.6728747,
              28.2728817
            ],
            [
              -16.6755236,
              28.2704931
            ],
            [
              -16.683866,
              28.2494722
            ],
            [
              -16.6834845,
              28.2370807
            ],
            [
              -16.6807882,
              28.2129791
            ],
            [
              -16.6773649,
              28.2123119
            ],
            [
              -16.6747245,
              28.2079393
            ],
            [
              -16.6710984,
              28.2066661
            ],
            [
              -16.6690238,
              28.2055904
            ],
            [
              -16.6676072,
              28.2055535
            ],
            [
              -16.6666701,
              28.2055559
            ],
            [
              -16.6649802,
              28.2056306
            ],
            [
              -16.6642642,
              28.2054498
            ],
            [
              -16.6633624,
              28.2050998
            ],
            [
              -16.6621387,
              28.2043656
            ],
            [
              -16.6608407,
              28.2034338
            ],
            [
              -16.6603443,
              28.2029525
            ],
            [
              -16.6600522,
              28.2011727
            ],
            [
              -16.6579535,
              28.2015428
            ],
            [
              -16.6576497,
              28.2014029
            ],
            [
              -16.6572147,
              28.2009282
            ],
            [
              -16.6562274,
              28.200484
            ],
            [
              -16.6558954,
              28.200407
            ],
            [
              -16.6557026,
              28.2003623
            ],
            [
              -16.6552469,
              28.2006118
            ],
            [
              -16.6542941,
              28.2006301
            ],
            [
              -16.6535622,
              28.2006422
            ],
            [
              -16.6528097,
              28.2006848
            ],
            [
              -16.6520433,
              28.2003258
            ],
            [
              -16.6520018,
              28.1999851
            ],
            [
              -16.6516152,
              28.1997904
            ],
            [
              -16.6512838,
              28.1999547
            ],
            [
              -16.6504414,
              28.1998147
            ],
            [
              -16.6486739,
              28.1988959
            ],
            [
              -16.6481328,
              28.1987909
            ],
            [
              -16.6456152,
              28.1987498
            ],
            [
              -16.643392,
              28.1987316
            ],
            [
              -16.642598,
              28.1989993
            ],
            [
              -16.6413897,
              28.1995652
            ],
            [
              -16.6399053,
              28.199979
            ],
            [
              -16.638842,
              28.1998755
            ],
            [
              -16.6376337,
              28.1997599
            ],
            [
              -16.636819,
              28.2001433
            ],
            [
              -16.6362943,
              28.2004414
            ],
            [
              -16.635666,
              28.20091
            ],
            [
              -16.6349134,
              28.2012507
            ],
            [
              -16.6341953,
              28.2017193
            ],
            [
              -16.632697,
              28.2020539
            ],
            [
              -16.6317719,
              28.2026563
            ],
            [
              -16.6309019,
              28.2028389
            ],
            [
              -16.6285406,
              28.2040375
            ],
            [
              -16.6277466,
              28.2043661
            ],
            [
              -16.6271679,
              28.2044192
            ],
            [
              -16.6265935,
              28.2048321
            ],
            [
              -16.6254405,
              28.2057717
            ],
            [
              -16.6247846,
              28.2061002
            ],
            [
              -16.6233692,
              28.2062767
            ],
            [
              -16.6226373,
              28.2069034
            ],
            [
              -16.6224419,
              28.2075825
            ],
            [
              -16.6226079,
              28.2080945
            ],
            [
              -16.6226616,
              28.2084645
            ],
            [
              -16.6225591,
              28.208813
            ],
            [
              -16.6223931,
              28.2092647
            ],
            [
              -16.6223394,
              28.2096241
            ],
            [
              -16.6221148,
              28.2098629
            ],
            [
              -16.6219048,
              28.2102436
            ],
            [
              -16.621704,
              28.2106663
            ],
            [
              -16.6214071,
              28.2111713
            ],
            [
              -16.6213035,
              28.2118679
            ],
            [
              -16.621086,
              28.2120961
            ],
            [
              -16.6208168,
              28.2126924
            ],
            [
              -16.6206735,
              28.212853
            ],
            [
              -16.6200573,
              28.2131882
            ],
            [
              -16.6197566,
              28.2131957
            ],
            [
              -16.6192511,
              28.2131915
            ],
            [
              -16.6189423,
              28.2132415
            ],
            [
              -16.6161915,
              28.2136874
            ],
            [
              -16.6118717,
              28.2155028
            ],
            [
              -16.6088759,
              28.2159488
            ],
            [
              -16.605898,
              28.2162956
            ],
            [
              -16.6046394,
              28.2163454
            ],
            [
              -16.6010978,
              28.2166996
            ],
            [
              -16.6001465,
              28.2176717
            ],
            [
              -16.5994938,
              28.2182201
            ],
            [
              -16.5987424,
              28.2188515
            ],
            [
              -16.598289,
              28.2192325
            ],
            [
              -16.5961017,
              28.2195471
            ],
            [
              -16.5925291,
              28.21874
            ],
            [
              -16.5914447,
              28.2191317
            ],
            [
              -16.5905307,
              28.2200177
            ],
            [
              -16.5900024,
              28.220809
            ],
            [
              -16.5892398,
              28.2216031
            ],
            [
              -16.58693,
              28.2231912
            ],
            [
              -16.5857739,
              28.2242515
            ],
            [
              -16.5853687,
              28.2250955
            ],
            [
              -16.5849974,
              28.2261738
            ],
            [
              -16.584498,
              28.2268564
            ],
            [
              -16.5815909,
              28.2280272
            ],
            [
              -16.5808671,
              28.2286944
            ],
            [
              -16.5789837,
              28.2308822
            ],
            [
              -16.5779992,
              28.2318411
            ],
            [
              -16.5775825,
              28.2326131
            ],
            [
              -16.5773252,
              28.2338254
            ],
            [
              -16.5768911,
              28.234796
            ],
            [
              -16.5763742,
              28.2349825
            ],
            [
              -16.5755898,
              28.2350006
            ],
            [
              -16.5747154,
              28.235137
            ],
            [
              -16.5741612,
              28.2355585
            ],
            [
              -16.57312,
              28.23613
            ],
            [
              -16.5701201,
              28.2372565
            ],
            [
              -16.5684955,
              28.2376542
            ],
            [
              -16.5674812,
              28.2379817
            ],
            [
              -16.5668983,
              28.238539
            ],
            [
              -16.566101,
              28.2390715
            ],
            [
              -16.564125,
              28.2398342
            ],
            [
              -16.5637446,
              28.2403078
            ],
            [
              -16.5634595,
              28.2410241
            ],
            [
              -16.5629744,
              28.2413004
            ],
            [
              -16.561897,
              28.2414932
            ],
            [
              -16.5595146,
              28.2423507
            ],
            [
              -16.5590421,
              28.2427983
            ],
            [
              -16.5577005,
              28.245151
            ],
            [
              -16.557106,
              28.2456181
            ],
            [
              -16.5560851,
              28.2461983
            ],
            [
              -16.5534981,
              28.2470129
            ],
            [
              -16.5526804,
              28.2475456
            ],
            [
              -16.5521395,
              28.2482016
            ],
            [
              -16.5509325,
              28.2500112
            ],
            [
              -16.5499074,
              28.2517105
            ],
            [
              -16.5499056,
              28.2530011
            ],
            [
              -16.5494772,
              28.2543868
            ],
            [
              -16.5484989,
              28.2551018
            ],
            [
              -16.5475762,
              28.257549
            ],
            [
              -16.5473458,
              28.2592393
            ],
            [
              -16.5479624,
              28.2610012
            ],
            [
              -16.5471565,
              28.2616601
            ],
            [
              -16.5445313,
              28.2626826
            ],
            [
              -16.5444342,
              28.2637215
            ],
            [
              -16.5425319,
              28.2675245
            ],
            [
              -16.5428071,
              28.2689383
            ],
            [
              -16.5434834,
              28.2698873
            ],
            [
              -16.5435364,
              28.270735
            ],
            [
              -16.5431369,
              28.2720211
            ],
            [
              -16.543634,
              28.272557
            ],
            [
              -16.5436345,
              28.273297
            ],
            [
              -16.5431283,
              28.2749543
            ],
            [
              -16.5446354,
              28.2776718
            ],
            [
              -16.5440587,
              28.2808009
            ],
            [
              -16.5425657,
              28.2819008
            ],
            [
              -16.5422608,
              28.2826714
            ],
            [
              -16.5405145,
              28.2838824
            ],
            [
              -16.5358773,
              28.2854057
            ],
            [
              -16.5321555,
              28.2867922
            ],
            [
              -16.5326405,
              28.2879058
            ],
            [
              -16.5297863,
              28.2929377
            ],
            [
              -16.5233362,
              28.2953563
            ],
            [
              -16.5215285,
              28.2980117
            ],
            [
              -16.5216539,
              28.3003749
            ],
            [
              -16.5192983,
              28.3018
            ],
            [
              -16.5146803,
              28.3026004
            ],
            [
              -16.5114227,
              28.3000689
            ],
            [
              -16.5113842,
              28.3000389
            ],
            [
              -16.5057448,
              28.3036521
            ],
            [
              -16.5024477,
              28.3060767
            ],
            [
              -16.5020448,
              28.3068179
            ],
            [
              -16.5014758,
              28.3074689
            ],
            [
              -16.5003281,
              28.3079231
            ],
            [
              -16.4993706,
              28.3089052
            ],
            [
              -16.4986816,
              28.3117211
            ],
            [
              -16.4974342,
              28.3137178
            ],
            [
              -16.4963776,
              28.3152879
            ],
            [
              -16.4937333,
              28.318532
            ],
            [
              -16.4937474,
              28.3197826
            ],
            [
              -16.4921676,
              28.3224565
            ],
            [
              -16.4916375,
              28.3231798
            ],
            [
              -16.4892976,
              28.325878
            ],
            [
              -16.4852651,
              28.3307603
            ],
            [
              -16.4852773,
              28.3313145
            ],
            [
              -16.485655,
              28.3319451
            ],
            [
              -16.4848164,
              28.3345305
            ],
            [
              -16.4839407,
              28.3369462
            ],
            [
              -16.4822502,
              28.3405197
            ],
            [
              -16.4817439,
              28.341434
            ],
            [
              -16.4821099,
              28.3422839
            ],
            [
              -16.4824094,
              28.3429515
            ],
            [
              -16.4821624,
              28.3447699
            ],
            [
              -16.4820819,
              28.3458819
            ],
            [
              -16.48195,
              28.3469688
            ],
            [
              -16.4815667,
              28.3476493
            ],
            [
              -16.4810645,
              28.3481332
            ],
            [
              -16.4803218,
              28.3485195
            ],
            [
              -16.4799673,
              28.3488018
            ],
            [
              -16.4794356,
              28.3492326
            ],
            [
              -16.4790558,
              28.3496634
            ],
            [
              -16.4788026,
              28.3499011
            ],
            [
              -16.4781724,
              28.3502961
            ],
            [
              -16.4776406,
              28.3506452
            ],
            [
              -16.4772397,
              28.3509497
            ],
            [
              -16.4765603,
              28.3517928
            ],
            [
              -16.4763156,
              28.3520602
            ],
            [
              -16.4760117,
              28.3522496
            ],
            [
              -16.4757712,
              28.3524019
            ],
            [
              -16.4750369,
              28.3526321
            ],
            [
              -16.4745727,
              28.3527844
            ],
            [
              -16.4741453,
              28.3528538
            ],
            [
              -16.4736401,
              28.3529292
            ],
            [
              -16.4727044,
              28.3528063
            ],
            [
              -16.4719141,
              28.3527287
            ],
            [
              -16.4710363,
              28.3527101
            ],
            [
              -16.4701226,
              28.3535875
            ],
            [
              -16.4699016,
              28.3539401
            ],
            [
              -16.469171,
              28.3543627
            ],
            [
              -16.4687985,
              28.3547509
            ],
            [
              -16.4684966,
              28.3549911
            ],
            [
              -16.4678923,
              28.3552414
            ],
            [
              -16.4667442,
              28.3551025
            ],
            [
              -16.4672627,
              28.3569933
            ],
            [
              -16.4667828,
              28.3580377
            ],
            [
              -16.4668752,
              28.3592117
            ],
            [
              -16.466819,
              28.3602715
            ],
            [
              -16.4665923,
              28.3611115
            ],
            [
              -16.4657382,
              28.3626629
            ],
            [
              -16.4655104,
              28.363204
            ],
            [
              -16.465234,
              28.3636803
            ],
            [
              -16.4646584,
              28.3644187
            ],
            [
              -16.4644683,
              28.3654481
            ],
            [
              -16.4643836,
              28.36627
            ],
            [
              -16.4642591,
              28.3670794
            ],
            [
              -16.4648803,
              28.3689001
            ],
            [
              -16.4643107,
              28.369626
            ],
            [
              -16.4640397,
              28.3699568
            ],
            [
              -16.4637559,
              28.3703688
            ],
            [
              -16.4636065,
              28.3708621
            ],
            [
              -16.4635678,
              28.3718599
            ],
            [
              -16.4644932,
              28.3721183
            ],
            [
              -16.4652727,
              28.3722707
            ],
            [
              -16.4655613,
              28.3723469
            ],
            [
              -16.4658558,
              28.3725704
            ],
            [
              -16.466081,
              28.3728879
            ],
            [
              -16.4664043,
              28.3730353
            ],
            [
              -16.46675,
              28.3732554
            ],
            [
              -16.4671253,
              28.3735527
            ],
            [
              -16.467365,
              28.3737813
            ],
            [
              -16.4676018,
              28.3741345
            ],
            [
              -16.4677144,
              28.3743606
            ],
            [
              -16.4678386,
              28.3744089
            ],
            [
              -16.4679656,
              28.3746807
            ],
            [
              -16.4681433,
              28.3749186
            ],
            [
              -16.4683117,
              28.375085
            ],
            [
              -16.4684312,
              28.3752765
            ],
            [
              -16.4685415,
              28.3753519
            ],
            [
              -16.4685983,
              28.3755625
            ],
            [
              -16.4687312,
              28.3759845
            ],
            [
              -16.4688317,
              28.3761508
            ],
            [
              -16.468879,
              28.376364
            ],
            [
              -16.4689469,
              28.3765979
            ],
            [
              -16.4690296,
              28.3767539
            ],
            [
              -16.4691006,
              28.3770893
            ],
            [
              -16.4691419,
              28.377214
            ],
            [
              -16.4693026,
              28.3773303
            ],
            [
              -16.4694738,
              28.3774173
            ],
            [
              -16.4697417,
              28.3775234
            ],
            [
              -16.4699928,
              28.3776871
            ],
            [
              -16.470241,
              28.3777573
            ],
            [
              -16.470371,
              28.3778041
            ],
            [
              -16.4704803,
              28.3780641
            ],
            [
              -16.4705601,
              28.3782226
            ],
            [
              -16.4706664,
              28.3783136
            ],
            [
              -16.4706605,
              28.3784722
            ],
            [
              -16.4705483,
              28.3785762
            ],
            [
              -16.470566,
              28.3787893
            ],
            [
              -16.4705246,
              28.3789713
            ],
            [
              -16.4705749,
              28.3791039
            ],
            [
              -16.4706664,
              28.3791714
            ],
            [
              -16.4707964,
              28.3794028
            ],
            [
              -16.4709324,
              28.3794158
            ],
            [
              -16.4710712,
              28.3793638
            ],
            [
              -16.4711758,
              28.3794708
            ],
            [
              -16.4712386,
              28.3796024
            ],
            [
              -16.4714461,
              28.3796449
            ],
            [
              -16.4716102,
              28.3797086
            ],
            [
              -16.471755,
              28.3798657
            ],
            [
              -16.4718515,
              28.3802563
            ],
            [
              -16.4718708,
              28.3805578
            ],
            [
              -16.4717357,
              28.3807106
            ],
            [
              -16.4716971,
              28.3809314
            ],
            [
              -16.4716971,
              28.3811565
            ],
            [
              -16.4717646,
              28.3814239
            ],
            [
              -16.4719142,
              28.3815598
            ],
            [
              -16.4721217,
              28.381598
            ],
            [
              -16.4723582,
              28.3816065
            ],
            [
              -16.472503,
              28.3816362
            ],
            [
              -16.4727057,
              28.3818103
            ],
            [
              -16.4728987,
              28.3820396
            ],
            [
              -16.47314,
              28.3820778
            ],
            [
              -16.4732992,
              28.3822748
            ],
            [
              -16.4735068,
              28.3827572
            ],
            [
              -16.4737674,
              28.3830416
            ],
            [
              -16.4740425,
              28.3832327
            ],
            [
              -16.4742452,
              28.3832752
            ],
            [
              -16.4743948,
              28.3833601
            ],
            [
              -16.4745782,
              28.3835639
            ],
            [
              -16.4749691,
              28.383997
            ],
            [
              -16.475278,
              28.3845532
            ],
            [
              -16.4754707,
              28.3850744
            ],
            [
              -16.4754033,
              28.3855563
            ],
            [
              -16.4753544,
              28.3860171
            ],
            [
              -16.4754382,
              28.3863795
            ],
            [
              -16.475551,
              28.3869265
            ],
            [
              -16.4757368,
              28.3873539
            ],
            [
              -16.4757797,
              28.3877122
            ],
            [
              -16.4759512,
              28.3879448
            ],
            [
              -16.4761513,
              28.3880014
            ],
            [
              -16.4762584,
              28.3879825
            ],
            [
              -16.47658,
              28.3878191
            ],
            [
              -16.4767943,
              28.3877562
            ],
            [
              -16.4770087,
              28.3878254
            ],
            [
              -16.4771516,
              28.3878945
            ],
            [
              -16.4772802,
              28.3880328
            ],
            [
              -16.4773945,
              28.3882654
            ],
            [
              -16.4773445,
              28.3884666
            ],
            [
              -16.4772802,
              28.3886112
            ],
            [
              -16.4772588,
              28.3888123
            ],
            [
              -16.4776804,
              28.389026
            ],
            [
              -16.4779162,
              28.3890009
            ],
            [
              -16.4782877,
              28.3891015
            ],
            [
              -16.4784878,
              28.3890763
            ],
            [
              -16.4789022,
              28.3889946
            ],
            [
              -16.4792023,
              28.3889758
            ],
            [
              -16.479531,
              28.388938
            ],
            [
              -16.4802313,
              28.3890072
            ],
            [
              -16.4806242,
              28.3890826
            ],
            [
              -16.4808458,
              28.3892398
            ],
            [
              -16.4809601,
              28.3893592
            ],
            [
              -16.4811887,
              28.3893781
            ],
            [
              -16.4813459,
              28.3896358
            ],
            [
              -16.4814745,
              28.3897866
            ],
            [
              -16.481646,
              28.3898369
            ],
            [
              -16.481889,
              28.3898369
            ],
            [
              -16.4820319,
              28.3898684
            ],
            [
              -16.4821676,
              28.3901827
            ],
            [
              -16.4824106,
              28.3902707
            ],
            [
              -16.4826392,
              28.3902644
            ],
            [
              -16.4827536,
              28.3903964
            ],
            [
              -16.4827035,
              28.3907107
            ],
            [
              -16.4827393,
              28.3909684
            ],
            [
              -16.4829679,
              28.3911696
            ],
            [
              -16.4830965,
              28.391333
            ],
            [
              -16.483268,
              28.3915216
            ],
            [
              -16.4834752,
              28.391641
            ],
            [
              -16.4838039,
              28.3918799
            ],
            [
              -16.4841588,
              28.3921709
            ],
            [
              -16.4842001,
              28.392321
            ],
            [
              -16.4842777,
              28.3923892
            ],
            [
              -16.4843811,
              28.3924347
            ],
            [
              -16.4846085,
              28.392421
            ],
            [
              -16.4850852,
              28.3924182
            ],
            [
              -16.4854667,
              28.3924438
            ],
            [
              -16.4856024,
              28.3924596
            ],
            [
              -16.4859956,
              28.3925482
            ],
            [
              -16.4862597,
              28.3928007
            ],
            [
              -16.4863362,
              28.393033
            ],
            [
              -16.4865122,
              28.3931643
            ],
            [
              -16.4867304,
              28.3933495
            ],
            [
              -16.4868797,
              28.3934673
            ],
            [
              -16.4870289,
              28.3935178
            ],
            [
              -16.4872318,
              28.393464
            ],
            [
              -16.4874423,
              28.3933529
            ],
            [
              -16.4875724,
              28.3933899
            ],
            [
              -16.4876528,
              28.3934909
            ],
            [
              -16.4877867,
              28.3936323
            ],
            [
              -16.4880202,
              28.3936929
            ],
            [
              -16.4882881,
              28.393767
            ],
            [
              -16.4884373,
              28.3939757
            ],
            [
              -16.4885636,
              28.3941878
            ],
            [
              -16.4886329,
              28.3945736
            ],
            [
              -16.4888198,
              28.3948465
            ],
            [
              -16.4893382,
              28.3955813
            ],
            [
              -16.4893795,
              28.3956781
            ],
            [
              -16.4894849,
              28.3957789
            ],
            [
              -16.4897233,
              28.3958959
            ],
            [
              -16.4901955,
              28.3960451
            ],
            [
              -16.4902963,
              28.3960935
            ],
            [
              -16.4905026,
              28.3962588
            ],
            [
              -16.4906447,
              28.3963959
            ],
            [
              -16.4908785,
              28.3965774
            ],
            [
              -16.4910252,
              28.3967548
            ],
            [
              -16.4910711,
              28.3968476
            ],
            [
              -16.4911261,
              28.3971621
            ],
            [
              -16.4911994,
              28.397271
            ],
            [
              -16.491314,
              28.3973678
            ],
            [
              -16.4915478,
              28.3974807
            ],
            [
              -16.4918687,
              28.3975614
            ],
            [
              -16.49202,
              28.3976622
            ],
            [
              -16.4924374,
              28.3980333
            ],
            [
              -16.4926319,
              28.3981474
            ],
            [
              -16.4926837,
              28.3981987
            ],
            [
              -16.492768,
              28.3983299
            ],
            [
              -16.4928264,
              28.3985181
            ],
            [
              -16.4928393,
              28.3985979
            ],
            [
              -16.4928175,
              28.3987609
            ],
            [
              -16.4929082,
              28.3988864
            ],
            [
              -16.4932194,
              28.3995479
            ],
            [
              -16.4935112,
              28.4000041
            ],
            [
              -16.493576,
              28.4001353
            ],
            [
              -16.4936556,
              28.4003734
            ],
            [
              -16.4936733,
              28.4004262
            ],
            [
              -16.4937446,
              28.4005516
            ],
            [
              -16.4938678,
              28.4006486
            ],
            [
              -16.4941076,
              28.4006999
            ],
            [
              -16.4941789,
              28.4007455
            ],
            [
              -16.4943345,
              28.4008995
            ],
            [
              -16.494555,
              28.400985
            ],
            [
              -16.4949504,
              28.401025
            ],
            [
              -16.4950866,
              28.4011105
            ],
            [
              -16.4952033,
              28.4012074
            ],
            [
              -16.4956109,
              28.4016474
            ],
            [
              -16.495661,
              28.4017855
            ],
            [
              -16.4956393,
              28.4020857
            ],
            [
              -16.495685,
              28.4023992
            ],
            [
              -16.4957843,
              28.4025749
            ],
            [
              -16.4958614,
              28.4026698
            ],
            [
              -16.4962098,
              28.4029736
            ],
            [
              -16.4966939,
              28.4031689
            ],
            [
              -16.4969221,
              28.4032015
            ],
            [
              -16.497178,
              28.4032666
            ],
            [
              -16.4977331,
              28.4034618
            ],
            [
              -16.4980476,
              28.4036164
            ],
            [
              -16.4982048,
              28.4037412
            ],
            [
              -16.4983683,
              28.4038144
            ],
            [
              -16.4986088,
              28.4038226
            ],
            [
              -16.4989325,
              28.4038714
            ],
            [
              -16.4989695,
              28.4038904
            ],
            [
              -16.4992255,
              28.4041535
            ],
            [
              -16.4992748,
              28.4042321
            ],
            [
              -16.4993396,
              28.4044084
            ],
            [
              -16.4993951,
              28.4044871
            ],
            [
              -16.4994968,
              28.4045658
            ],
            [
              -16.499873,
              28.4047882
            ],
            [
              -16.4999994,
              28.4048288
            ],
            [
              -16.5005267,
              28.4047556
            ],
            [
              -16.5008912,
              28.40467
            ],
            [
              -16.5011194,
              28.4046781
            ],
            [
              -16.5013106,
              28.4047459
            ],
            [
              -16.5013784,
              28.4048056
            ],
            [
              -16.5014185,
              28.4049493
            ],
            [
              -16.5016066,
              28.4052775
            ],
            [
              -16.5017269,
              28.4053345
            ],
            [
              -16.5020044,
              28.4053806
            ],
            [
              -16.5021616,
              28.405443
            ],
            [
              -16.5025687,
              28.4054511
            ],
            [
              -16.5028523,
              28.4055705
            ],
            [
              -16.5030682,
              28.4057332
            ],
            [
              -16.5032563,
              28.4060424
            ],
            [
              -16.5033118,
              28.4061048
            ],
            [
              -16.5036726,
              28.4062485
            ],
            [
              -16.5037774,
              28.4064113
            ],
            [
              -16.5038391,
              28.4064628
            ],
            [
              -16.504465,
              28.4068398
            ],
            [
              -16.5046669,
              28.4071922
            ],
            [
              -16.5048614,
              28.4073363
            ],
            [
              -16.5050833,
              28.4073453
            ],
            [
              -16.505535,
              28.4073063
            ],
            [
              -16.5056306,
              28.407309
            ],
            [
              -16.5057971,
              28.4072629
            ],
            [
              -16.5058967,
              28.407205
            ],
            [
              -16.505979,
              28.4071571
            ],
            [
              -16.5060685,
              28.4071571
            ],
            [
              -16.5061579,
              28.4071897
            ],
            [
              -16.5062905,
              28.4071843
            ],
            [
              -16.5064076,
              28.4071436
            ],
            [
              -16.5064711,
              28.4071185
            ],
            [
              -16.5066956,
              28.4075276
            ],
            [
              -16.5067577,
              28.4076188
            ],
            [
              -16.5068186,
              28.4076844
            ],
            [
              -16.5070601,
              28.4078772
            ],
            [
              -16.5071723,
              28.4079979
            ],
            [
              -16.5072091,
              28.4080771
            ],
            [
              -16.5072457,
              28.408156
            ],
            [
              -16.5073216,
              28.4083193
            ],
            [
              -16.5074218,
              28.4085351
            ],
            [
              -16.507751,
              28.4092453
            ],
            [
              -16.5080111,
              28.4098397
            ],
            [
              -16.5080725,
              28.410045
            ],
            [
              -16.5080911,
              28.4101578
            ],
            [
              -16.5088031,
              28.4100203
            ],
            [
              -16.5088184,
              28.4101931
            ],
            [
              -16.5089515,
              28.4107753
            ],
            [
              -16.5090573,
              28.4113092
            ],
            [
              -16.5090766,
              28.4114591
            ],
            [
              -16.5090615,
              28.4115944
            ],
            [
              -16.5090089,
              28.4117936
            ],
            [
              -16.5088515,
              28.4121349
            ],
            [
              -16.5086892,
              28.4124225
            ],
            [
              -16.5085333,
              28.4126828
            ],
            [
              -16.5083701,
              28.41288
            ],
            [
              -16.5081923,
              28.4129927
            ],
            [
              -16.5080036,
              28.4130927
            ],
            [
              -16.5076922,
              28.4133405
            ],
            [
              -16.5068617,
              28.4142603
            ],
            [
              -16.5075068,
              28.4146645
            ],
            [
              -16.5087665,
              28.4152043
            ],
            [
              -16.5088003,
              28.4153325
            ],
            [
              -16.5087742,
              28.4156389
            ],
            [
              -16.5085225,
              28.4159924
            ],
            [
              -16.5084581,
              28.4161018
            ],
            [
              -16.5084151,
              28.4161935
            ],
            [
              -16.5083415,
              28.4162799
            ],
            [
              -16.5080776,
              28.4165444
            ],
            [
              -16.5077891,
              28.4170113
            ],
            [
              -16.5074561,
              28.4174229
            ],
            [
              -16.5071094,
              28.4177659
            ],
            [
              -16.5066015,
              28.4183811
            ],
            [
              -16.5065166,
              28.4185218
            ],
            [
              -16.5059095,
              28.4193028
            ],
            [
              -16.5056364,
              28.419852
            ],
            [
              -16.5055065,
              28.4200952
            ],
            [
              -16.5043367,
              28.4214174
            ],
            [
              -16.5040355,
              28.421672
            ],
            [
              -16.5024551,
              28.4222733
            ],
            [
              -16.5026039,
              28.4226663
            ],
            [
              -16.5027926,
              28.4230165
            ],
            [
              -16.5030964,
              28.4232654
            ],
            [
              -16.5036413,
              28.4235234
            ],
            [
              -16.5039033,
              28.4237814
            ],
            [
              -16.5043193,
              28.4242652
            ]
          ]
        ]
      }
    },
    {
      "type": "Feature",
      "id": "san-cristóbal-de-la-laguna",
      "properties": {
        "name": "San Cristóbal de La Laguna",
        "province": "Santa Cruz de Tenerife",
        "autonomousCommunity": "Canarias",
        "osmRelationId": 345393,
        "source": "OpenStreetMap contributors, via Overpass API"
      },
      "geometry": {
        "type": "Polygon",
        "coordinates": [
          [
            [
              -16.2979853,
              28.5695244
            ],
            [
              -16.298037,
              28.5697434
            ],
            [
              -16.2979188,
              28.570061
            ],
            [
              -16.2978775,
              28.570336
            ],
            [
              -16.297889,
              28.5704025
            ],
            [
              -16.2979956,
              28.5704514
            ],
            [
              -16.2980432,
              28.5705842
            ],
            [
              -16.298142,
              28.5705993
            ],
            [
              -16.298174,
              28.5705507
            ],
            [
              -16.2981583,
              28.5704171
            ],
            [
              -16.2982237,
              28.5702961
            ],
            [
              -16.2983076,
              28.5704093
            ],
            [
              -16.2983697,
              28.570301
            ],
            [
              -16.2985117,
              28.570215
            ],
            [
              -16.2985758,
              28.5700021
            ],
            [
              -16.2986306,
              28.5700031
            ],
            [
              -16.2987412,
              28.5702073
            ],
            [
              -16.2987633,
              28.5704418
            ],
            [
              -16.2988142,
              28.5704997
            ],
            [
              -16.2988997,
              28.5704901
            ],
            [
              -16.2990422,
              28.5702541
            ],
            [
              -16.2989365,
              28.5699634
            ],
            [
              -16.2989701,
              28.5698047
            ],
            [
              -16.299197,
              28.5696742
            ],
            [
              -16.2994108,
              28.5696321
            ],
            [
              -16.2995727,
              28.5696559
            ],
            [
              -16.2996196,
              28.5699847
            ],
            [
              -16.2996891,
              28.5700813
            ],
            [
              -16.2999148,
              28.5701063
            ],
            [
              -16.3000462,
              28.5700466
            ],
            [
              -16.3003417,
              28.5702893
            ],
            [
              -16.3003066,
              28.5705061
            ],
            [
              -16.3004857,
              28.5706085
            ],
            [
              -16.3005184,
              28.5708014
            ],
            [
              -16.3007744,
              28.5707608
            ],
            [
              -16.3009093,
              28.5708316
            ],
            [
              -16.3007975,
              28.5709393
            ],
            [
              -16.3007956,
              28.571095
            ],
            [
              -16.3006087,
              28.5712316
            ],
            [
              -16.300607,
              28.5713161
            ],
            [
              -16.3008874,
              28.5712309
            ],
            [
              -16.3009806,
              28.5710312
            ],
            [
              -16.3011313,
              28.5709185
            ],
            [
              -16.3012899,
              28.5708783
            ],
            [
              -16.3014465,
              28.5709496
            ],
            [
              -16.3014739,
              28.5710067
            ],
            [
              -16.3013113,
              28.5709691
            ],
            [
              -16.3011697,
              28.5710097
            ],
            [
              -16.3011966,
              28.571328
            ],
            [
              -16.3012307,
              28.5713958
            ],
            [
              -16.3014501,
              28.5714413
            ],
            [
              -16.3015064,
              28.5714071
            ],
            [
              -16.3014656,
              28.5713627
            ],
            [
              -16.3014788,
              28.5712378
            ],
            [
              -16.3013735,
              28.5712613
            ],
            [
              -16.301322,
              28.5711793
            ],
            [
              -16.301346,
              28.5711468
            ],
            [
              -16.3015412,
              28.5711579
            ],
            [
              -16.301658,
              28.5712303
            ],
            [
              -16.3017967,
              28.5708705
            ],
            [
              -16.3017813,
              28.5708023
            ],
            [
              -16.3018459,
              28.5707509
            ],
            [
              -16.3019287,
              28.5707631
            ],
            [
              -16.3019904,
              28.5708569
            ],
            [
              -16.302126,
              28.5708826
            ],
            [
              -16.302375,
              28.5706641
            ],
            [
              -16.3026076,
              28.5706589
            ],
            [
              -16.3035369,
              28.5707992
            ],
            [
              -16.3037857,
              28.5710194
            ],
            [
              -16.3038712,
              28.571403
            ],
            [
              -16.3042284,
              28.5717713
            ],
            [
              -16.3042652,
              28.5718482
            ],
            [
              -16.3041514,
              28.5719812
            ],
            [
              -16.3041656,
              28.5720413
            ],
            [
              -16.3045368,
              28.5720142
            ],
            [
              -16.3046475,
              28.5720785
            ],
            [
              -16.3048273,
              28.5720937
            ],
            [
              -16.3048816,
              28.5721612
            ],
            [
              -16.3048378,
              28.5722601
            ],
            [
              -16.3048907,
              28.5722736
            ],
            [
              -16.3051409,
              28.5721475
            ],
            [
              -16.3051401,
              28.5724253
            ],
            [
              -16.305032,
              28.5725576
            ],
            [
              -16.3053376,
              28.5725342
            ],
            [
              -16.3055516,
              28.5724559
            ],
            [
              -16.3056172,
              28.5724603
            ],
            [
              -16.3057148,
              28.5725778
            ],
            [
              -16.3058072,
              28.5725733
            ],
            [
              -16.3059854,
              28.572439
            ],
            [
              -16.3061351,
              28.5724649
            ],
            [
              -16.306371,
              28.5723657
            ],
            [
              -16.306393,
              28.5725099
            ],
            [
              -16.3063417,
              28.5725895
            ],
            [
              -16.3063897,
              28.572657
            ],
            [
              -16.3063178,
              28.5727505
            ],
            [
              -16.3064155,
              28.5728875
            ],
            [
              -16.3065889,
              28.5729554
            ],
            [
              -16.3065963,
              28.57301
            ],
            [
              -16.306522,
              28.5730884
            ],
            [
              -16.3066736,
              28.573239
            ],
            [
              -16.3064341,
              28.5732507
            ],
            [
              -16.3063581,
              28.5732854
            ],
            [
              -16.3063586,
              28.573341
            ],
            [
              -16.3067497,
              28.5734042
            ],
            [
              -16.3065385,
              28.57356
            ],
            [
              -16.3065961,
              28.5736386
            ],
            [
              -16.3065568,
              28.5737003
            ],
            [
              -16.3065803,
              28.5739013
            ],
            [
              -16.3067314,
              28.5740952
            ],
            [
              -16.306973,
              28.5742212
            ],
            [
              -16.3070098,
              28.5744202
            ],
            [
              -16.3070901,
              28.5744449
            ],
            [
              -16.307444,
              28.5744129
            ],
            [
              -16.3079031,
              28.5741199
            ],
            [
              -16.3078861,
              28.5740608
            ],
            [
              -16.3076332,
              28.5739995
            ],
            [
              -16.3076612,
              28.573934
            ],
            [
              -16.3081469,
              28.5740059
            ],
            [
              -16.308341,
              28.5739887
            ],
            [
              -16.30835,
              28.5738373
            ],
            [
              -16.3084501,
              28.5737297
            ],
            [
              -16.3083009,
              28.5735704
            ],
            [
              -16.3080282,
              28.5735351
            ],
            [
              -16.3079706,
              28.5734925
            ],
            [
              -16.307994,
              28.573465
            ],
            [
              -16.3086134,
              28.5735313
            ],
            [
              -16.3086722,
              28.5733848
            ],
            [
              -16.3084203,
              28.5732318
            ],
            [
              -16.3089863,
              28.5731041
            ],
            [
              -16.3093583,
              28.5726895
            ],
            [
              -16.3095042,
              28.5725901
            ],
            [
              -16.3097311,
              28.5726259
            ],
            [
              -16.3099398,
              28.5725329
            ],
            [
              -16.3099775,
              28.5724988
            ],
            [
              -16.3099218,
              28.5723133
            ],
            [
              -16.3099396,
              28.5722123
            ],
            [
              -16.3100745,
              28.5720873
            ],
            [
              -16.3101087,
              28.5719704
            ],
            [
              -16.3100462,
              28.5718153
            ],
            [
              -16.3103524,
              28.5716941
            ],
            [
              -16.3104701,
              28.5716475
            ],
            [
              -16.3106932,
              28.5714482
            ],
            [
              -16.3111463,
              28.5713352
            ],
            [
              -16.3118753,
              28.5713624
            ],
            [
              -16.3124103,
              28.5715332
            ],
            [
              -16.3130635,
              28.5719008
            ],
            [
              -16.3131235,
              28.5719057
            ],
            [
              -16.3134743,
              28.5719514
            ],
            [
              -16.3142483,
              28.5716501
            ],
            [
              -16.3151005,
              28.5712084
            ],
            [
              -16.3153189,
              28.5711428
            ],
            [
              -16.3155387,
              28.571143
            ],
            [
              -16.3157606,
              28.5711906
            ],
            [
              -16.3159987,
              28.5713104
            ],
            [
              -16.3163884,
              28.5716622
            ],
            [
              -16.3164278,
              28.571692
            ],
            [
              -16.3164996,
              28.5719513
            ],
            [
              -16.3162542,
              28.5721449
            ],
            [
              -16.3161854,
              28.5721899
            ],
            [
              -16.3162171,
              28.5722454
            ],
            [
              -16.3165132,
              28.5722125
            ],
            [
              -16.316637,
              28.5721423
            ],
            [
              -16.3167272,
              28.5721888
            ],
            [
              -16.3167343,
              28.5722171
            ],
            [
              -16.3166073,
              28.5723965
            ],
            [
              -16.3164657,
              28.5724884
            ],
            [
              -16.3163819,
              28.5725893
            ],
            [
              -16.3163339,
              28.5726327
            ],
            [
              -16.3163703,
              28.5727337
            ],
            [
              -16.3164718,
              28.5729087
            ],
            [
              -16.3164787,
              28.573066
            ],
            [
              -16.3165954,
              28.5731157
            ],
            [
              -16.3166932,
              28.5733215
            ],
            [
              -16.3168413,
              28.5734069
            ],
            [
              -16.3168601,
              28.5735663
            ],
            [
              -16.3170198,
              28.5735659
            ],
            [
              -16.3171527,
              28.5737377
            ],
            [
              -16.3172429,
              28.5737845
            ],
            [
              -16.3173247,
              28.5737608
            ],
            [
              -16.3174132,
              28.5737491
            ],
            [
              -16.3174338,
              28.5737972
            ],
            [
              -16.3173737,
              28.5738842
            ],
            [
              -16.317428,
              28.5739483
            ],
            [
              -16.3174268,
              28.5740001
            ],
            [
              -16.3171136,
              28.5741421
            ],
            [
              -16.3170669,
              28.5743953
            ],
            [
              -16.316684,
              28.5744994
            ],
            [
              -16.3163666,
              28.5744292
            ],
            [
              -16.3162325,
              28.5744512
            ],
            [
              -16.3162271,
              28.5746081
            ],
            [
              -16.3160807,
              28.5747885
            ],
            [
              -16.3160542,
              28.5748948
            ],
            [
              -16.3161176,
              28.5749512
            ],
            [
              -16.3162978,
              28.5749655
            ],
            [
              -16.3163642,
              28.574846
            ],
            [
              -16.316272,
              28.5746673
            ],
            [
              -16.3162898,
              28.5746162
            ],
            [
              -16.3163738,
              28.5746385
            ],
            [
              -16.3165827,
              28.5748258
            ],
            [
              -16.3164648,
              28.5750628
            ],
            [
              -16.3164911,
              28.5750928
            ],
            [
              -16.316722,
              28.5749864
            ],
            [
              -16.3171118,
              28.574702
            ],
            [
              -16.3171594,
              28.5746151
            ],
            [
              -16.3173878,
              28.5746974
            ],
            [
              -16.317488,
              28.5748242
            ],
            [
              -16.3175048,
              28.5748823
            ],
            [
              -16.317427,
              28.5749824
            ],
            [
              -16.3172099,
              28.5749557
            ],
            [
              -16.3171958,
              28.5749886
            ],
            [
              -16.3173359,
              28.575172
            ],
            [
              -16.3173662,
              28.5753287
            ],
            [
              -16.3173322,
              28.5754339
            ],
            [
              -16.3174723,
              28.5754975
            ],
            [
              -16.3175237,
              28.5756047
            ],
            [
              -16.3174695,
              28.5758636
            ],
            [
              -16.317415,
              28.5759267
            ],
            [
              -16.317893,
              28.576229
            ],
            [
              -16.3181718,
              28.5765512
            ],
            [
              -16.3183795,
              28.5766742
            ],
            [
              -16.3181716,
              28.576768
            ],
            [
              -16.3182618,
              28.576995
            ],
            [
              -16.3177745,
              28.5769276
            ],
            [
              -16.3177687,
              28.5770455
            ],
            [
              -16.3178595,
              28.5771145
            ],
            [
              -16.3180935,
              28.5771045
            ],
            [
              -16.3182787,
              28.5771708
            ],
            [
              -16.3183352,
              28.5772655
            ],
            [
              -16.318287,
              28.5774675
            ],
            [
              -16.3186145,
              28.5774965
            ],
            [
              -16.3185065,
              28.5776856
            ],
            [
              -16.3183546,
              28.5775931
            ],
            [
              -16.3181754,
              28.5776594
            ],
            [
              -16.3181911,
              28.5778858
            ],
            [
              -16.3180614,
              28.5780844
            ],
            [
              -16.3182226,
              28.5781644
            ],
            [
              -16.3181467,
              28.5781923
            ],
            [
              -16.3180791,
              28.5783893
            ],
            [
              -16.3181528,
              28.5785304
            ],
            [
              -16.3182879,
              28.5786071
            ],
            [
              -16.3186386,
              28.5785517
            ],
            [
              -16.3187991,
              28.5787763
            ],
            [
              -16.3188705,
              28.5788225
            ],
            [
              -16.3190827,
              28.5788345
            ],
            [
              -16.3193293,
              28.5790364
            ],
            [
              -16.3195857,
              28.5789101
            ],
            [
              -16.3197672,
              28.5789303
            ],
            [
              -16.3204301,
              28.5792344
            ],
            [
              -16.320715,
              28.5793211
            ],
            [
              -16.3219079,
              28.5793751
            ],
            [
              -16.3219786,
              28.5793606
            ],
            [
              -16.3220641,
              28.5792402
            ],
            [
              -16.3221827,
              28.5791738
            ],
            [
              -16.3224367,
              28.5793376
            ],
            [
              -16.322707,
              28.5793474
            ],
            [
              -16.3233166,
              28.5792126
            ],
            [
              -16.3235343,
              28.579206
            ],
            [
              -16.3236357,
              28.5790981
            ],
            [
              -16.3236812,
              28.5789668
            ],
            [
              -16.3235661,
              28.5788411
            ],
            [
              -16.3237188,
              28.5786748
            ],
            [
              -16.3238543,
              28.5786044
            ],
            [
              -16.3239671,
              28.5785761
            ],
            [
              -16.324051,
              28.5784702
            ],
            [
              -16.3240012,
              28.578001
            ],
            [
              -16.3241877,
              28.5779667
            ],
            [
              -16.3244352,
              28.5779925
            ],
            [
              -16.3249118,
              28.5780612
            ],
            [
              -16.3251509,
              28.5783312
            ],
            [
              -16.3255725,
              28.5781299
            ],
            [
              -16.3258956,
              28.577563
            ],
            [
              -16.3260176,
              28.5775349
            ],
            [
              -16.326238,
              28.5773372
            ],
            [
              -16.3264463,
              28.5772516
            ],
            [
              -16.3267312,
              28.5772628
            ],
            [
              -16.3270631,
              28.5772062
            ],
            [
              -16.3271599,
              28.5772303
            ],
            [
              -16.3274603,
              28.5771143
            ],
            [
              -16.3283403,
              28.5770457
            ],
            [
              -16.3285555,
              28.5772119
            ],
            [
              -16.3291102,
              28.5769516
            ],
            [
              -16.3292861,
              28.5769086
            ],
            [
              -16.3294334,
              28.5769303
            ],
            [
              -16.3296193,
              28.5771032
            ],
            [
              -16.3296974,
              28.5770569
            ],
            [
              -16.3297075,
              28.5767537
            ],
            [
              -16.3297629,
              28.5766434
            ],
            [
              -16.3295914,
              28.5765164
            ],
            [
              -16.3294922,
              28.5762856
            ],
            [
              -16.3297484,
              28.5761987
            ],
            [
              -16.3298734,
              28.576042
            ],
            [
              -16.3298923,
              28.575881
            ],
            [
              -16.3297227,
              28.5758793
            ],
            [
              -16.3296159,
              28.575822
            ],
            [
              -16.3297108,
              28.5756894
            ],
            [
              -16.3296774,
              28.5754329
            ],
            [
              -16.3295894,
              28.5751988
            ],
            [
              -16.3293915,
              28.5751375
            ],
            [
              -16.3293844,
              28.5749678
            ],
            [
              -16.3293054,
              28.5749578
            ],
            [
              -16.3292519,
              28.5748597
            ],
            [
              -16.3292126,
              28.5746393
            ],
            [
              -16.3297298,
              28.5745116
            ],
            [
              -16.3298564,
              28.574407
            ],
            [
              -16.3298087,
              28.5745858
            ],
            [
              -16.3298426,
              28.5746402
            ],
            [
              -16.3301174,
              28.5746351
            ],
            [
              -16.3302805,
              28.5747014
            ],
            [
              -16.3305042,
              28.5746698
            ],
            [
              -16.3307483,
              28.5747845
            ],
            [
              -16.330811,
              28.5747419
            ],
            [
              -16.3307867,
              28.5744592
            ],
            [
              -16.3310417,
              28.5739691
            ],
            [
              -16.3311983,
              28.5737761
            ],
            [
              -16.3311914,
              28.5736489
            ],
            [
              -16.3313211,
              28.5736827
            ],
            [
              -16.3315502,
              28.5734669
            ],
            [
              -16.3313341,
              28.5740229
            ],
            [
              -16.3314114,
              28.5740349
            ],
            [
              -16.3315059,
              28.5738091
            ],
            [
              -16.3315814,
              28.5737589
            ],
            [
              -16.3316908,
              28.5738791
            ],
            [
              -16.3319275,
              28.5739461
            ],
            [
              -16.3320236,
              28.5740428
            ],
            [
              -16.3320417,
              28.5741389
            ],
            [
              -16.3319687,
              28.574382
            ],
            [
              -16.3320564,
              28.5744594
            ],
            [
              -16.3321456,
              28.5743211
            ],
            [
              -16.3321583,
              28.5741084
            ],
            [
              -16.3323137,
              28.574017
            ],
            [
              -16.332175,
              28.573816
            ],
            [
              -16.3321855,
              28.5732596
            ],
            [
              -16.3319916,
              28.5730769
            ],
            [
              -16.3319368,
              28.5729602
            ],
            [
              -16.3319484,
              28.5726156
            ],
            [
              -16.3320293,
              28.5724597
            ],
            [
              -16.3321922,
              28.5724085
            ],
            [
              -16.3322915,
              28.5721001
            ],
            [
              -16.3324119,
              28.5719432
            ],
            [
              -16.332516,
              28.5719885
            ],
            [
              -16.3326115,
              28.5719745
            ],
            [
              -16.3326629,
              28.5718823
            ],
            [
              -16.3326788,
              28.5718419
            ],
            [
              -16.332558,
              28.5716869
            ],
            [
              -16.3324502,
              28.5716569
            ],
            [
              -16.3324094,
              28.5715868
            ],
            [
              -16.3324346,
              28.5715293
            ],
            [
              -16.3324994,
              28.5713818
            ],
            [
              -16.3327074,
              28.5712386
            ],
            [
              -16.3328064,
              28.5712176
            ],
            [
              -16.3328721,
              28.5713388
            ],
            [
              -16.3330419,
              28.5713421
            ],
            [
              -16.333153,
              28.5714194
            ],
            [
              -16.3332053,
              28.5715451
            ],
            [
              -16.3334238,
              28.571335
            ],
            [
              -16.3334685,
              28.571229
            ],
            [
              -16.33358,
              28.5712028
            ],
            [
              -16.3339821,
              28.571685
            ],
            [
              -16.3340994,
              28.5717249
            ],
            [
              -16.3341271,
              28.5716514
            ],
            [
              -16.3340561,
              28.5711488
            ],
            [
              -16.3342197,
              28.5709765
            ],
            [
              -16.3340674,
              28.5708364
            ],
            [
              -16.3341728,
              28.5705438
            ],
            [
              -16.33412,
              28.5703363
            ],
            [
              -16.3338044,
              28.5703308
            ],
            [
              -16.333616,
              28.5705358
            ],
            [
              -16.3336975,
              28.5707036
            ],
            [
              -16.3334761,
              28.5707892
            ],
            [
              -16.3335002,
              28.5706498
            ],
            [
              -16.3334271,
              28.5705355
            ],
            [
              -16.3336319,
              28.5702062
            ],
            [
              -16.333277,
              28.5702753
            ],
            [
              -16.3332784,
              28.5702241
            ],
            [
              -16.333413,
              28.5701026
            ],
            [
              -16.3334111,
              28.5700461
            ],
            [
              -16.3331786,
              28.5697894
            ],
            [
              -16.3330321,
              28.5697326
            ],
            [
              -16.3329696,
              28.5696456
            ],
            [
              -16.3330805,
              28.5694555
            ],
            [
              -16.3332967,
              28.5694021
            ],
            [
              -16.3332261,
              28.5692638
            ],
            [
              -16.3332609,
              28.5691859
            ],
            [
              -16.3333179,
              28.5691508
            ],
            [
              -16.3337462,
              28.5691432
            ],
            [
              -16.3338768,
              28.5691021
            ],
            [
              -16.3338891,
              28.5690402
            ],
            [
              -16.3338592,
              28.5690065
            ],
            [
              -16.3337101,
              28.5690461
            ],
            [
              -16.3335564,
              28.5690314
            ],
            [
              -16.3335303,
              28.5689988
            ],
            [
              -16.3336135,
              28.5688936
            ],
            [
              -16.3335903,
              28.5688228
            ],
            [
              -16.333063,
              28.5685777
            ],
            [
              -16.3330185,
              28.5685969
            ],
            [
              -16.3330185,
              28.5687132
            ],
            [
              -16.3329353,
              28.5687079
            ],
            [
              -16.3328656,
              28.5686052
            ],
            [
              -16.3329688,
              28.5684417
            ],
            [
              -16.333015,
              28.568411
            ],
            [
              -16.3330254,
              28.5684816
            ],
            [
              -16.3330562,
              28.5683634
            ],
            [
              -16.3329147,
              28.5683497
            ],
            [
              -16.3330485,
              28.5682096
            ],
            [
              -16.3330089,
              28.568166
            ],
            [
              -16.3328097,
              28.5681586
            ],
            [
              -16.3326621,
              28.5682585
            ],
            [
              -16.3325169,
              28.5682842
            ],
            [
              -16.3325873,
              28.5681613
            ],
            [
              -16.3329994,
              28.5679315
            ],
            [
              -16.333018,
              28.5678888
            ],
            [
              -16.3329457,
              28.5677919
            ],
            [
              -16.3329892,
              28.5677427
            ],
            [
              -16.3331098,
              28.5677563
            ],
            [
              -16.3331404,
              28.5676903
            ],
            [
              -16.3332778,
              28.5677168
            ],
            [
              -16.3335532,
              28.5675905
            ],
            [
              -16.3336016,
              28.5675304
            ],
            [
              -16.3335049,
              28.5674577
            ],
            [
              -16.3333496,
              28.5675675
            ],
            [
              -16.3332297,
              28.5674835
            ],
            [
              -16.3330722,
              28.5675577
            ],
            [
              -16.333051,
              28.5673914
            ],
            [
              -16.3330965,
              28.5673518
            ],
            [
              -16.3334645,
              28.5673211
            ],
            [
              -16.3335899,
              28.5672175
            ],
            [
              -16.3337005,
              28.5672439
            ],
            [
              -16.3337117,
              28.567208
            ],
            [
              -16.333507,
              28.5669739
            ],
            [
              -16.3334286,
              28.5669653
            ],
            [
              -16.3332605,
              28.5671027
            ],
            [
              -16.33323,
              28.5667602
            ],
            [
              -16.3330699,
              28.5669284
            ],
            [
              -16.3328317,
              28.5667185
            ],
            [
              -16.3326161,
              28.5667189
            ],
            [
              -16.3326123,
              28.5665907
            ],
            [
              -16.3324569,
              28.5663635
            ],
            [
              -16.3319776,
              28.5659393
            ],
            [
              -16.331959,
              28.5658594
            ],
            [
              -16.3316656,
              28.565685
            ],
            [
              -16.3316405,
              28.5655339
            ],
            [
              -16.3317617,
              28.5649603
            ],
            [
              -16.331829,
              28.5649144
            ],
            [
              -16.3321048,
              28.5647897
            ],
            [
              -16.3324405,
              28.564899
            ],
            [
              -16.3326552,
              28.5646704
            ],
            [
              -16.332873,
              28.5647002
            ],
            [
              -16.332924,
              28.5646307
            ],
            [
              -16.3329283,
              28.5645605
            ],
            [
              -16.332601,
              28.5646248
            ],
            [
              -16.3325541,
              28.5645942
            ],
            [
              -16.3325715,
              28.5645612
            ],
            [
              -16.3325085,
              28.5645635
            ],
            [
              -16.33242,
              28.5646896
            ],
            [
              -16.332369,
              28.5647131
            ],
            [
              -16.3323194,
              28.5647685
            ],
            [
              -16.3321343,
              28.5647202
            ],
            [
              -16.3321265,
              28.5646069
            ],
            [
              -16.3321242,
              28.5645747
            ],
            [
              -16.3322302,
              28.5646165
            ],
            [
              -16.332273,
              28.564582
            ],
            [
              -16.3322342,
              28.5645435
            ],
            [
              -16.3321806,
              28.5644923
            ],
            [
              -16.332188,
              28.5644505
            ],
            [
              -16.3322436,
              28.5644528
            ],
            [
              -16.3323552,
              28.564365
            ],
            [
              -16.3323472,
              28.5643383
            ],
            [
              -16.3322242,
              28.5643456
            ],
            [
              -16.3321155,
              28.5643939
            ],
            [
              -16.3320941,
              28.5642926
            ],
            [
              -16.3321478,
              28.5642374
            ],
            [
              -16.3320941,
              28.5641301
            ],
            [
              -16.3320109,
              28.5641477
            ],
            [
              -16.3319801,
              28.5640123
            ],
            [
              -16.3320239,
              28.5639767
            ],
            [
              -16.3321437,
              28.5639558
            ],
            [
              -16.3322322,
              28.5639616
            ],
            [
              -16.3322698,
              28.5639134
            ],
            [
              -16.3322161,
              28.5638851
            ],
            [
              -16.3321719,
              28.5638886
            ],
            [
              -16.3321182,
              28.5639228
            ],
            [
              -16.3320203,
              28.5639475
            ],
            [
              -16.3319132,
              28.5639339
            ],
            [
              -16.3319013,
              28.5637257
            ],
            [
              -16.3320958,
              28.5634569
            ],
            [
              -16.3322809,
              28.5632858
            ],
            [
              -16.3326638,
              28.5632068
            ],
            [
              -16.3330543,
              28.5630049
            ],
            [
              -16.3332008,
              28.5628398
            ],
            [
              -16.3332768,
              28.5626393
            ],
            [
              -16.3329536,
              28.5614853
            ],
            [
              -16.3330488,
              28.5593483
            ],
            [
              -16.3330715,
              28.5588382
            ],
            [
              -16.3333093,
              28.5583375
            ],
            [
              -16.3340243,
              28.5576038
            ],
            [
              -16.3346526,
              28.5574082
            ],
            [
              -16.334754,
              28.5574513
            ],
            [
              -16.3352845,
              28.5574846
            ],
            [
              -16.3355215,
              28.5574062
            ],
            [
              -16.3356855,
              28.5572748
            ],
            [
              -16.3362912,
              28.5565526
            ],
            [
              -16.3365553,
              28.5563277
            ],
            [
              -16.3367605,
              28.5562402
            ],
            [
              -16.336948,
              28.556235
            ],
            [
              -16.3377684,
              28.5563723
            ],
            [
              -16.3383932,
              28.5563851
            ],
            [
              -16.3394712,
              28.5565184
            ],
            [
              -16.3403127,
              28.5565209
            ],
            [
              -16.341241,
              28.5564036
            ],
            [
              -16.3418001,
              28.5564804
            ],
            [
              -16.3424835,
              28.556465
            ],
            [
              -16.3430936,
              28.5564729
            ],
            [
              -16.3431125,
              28.5565544
            ],
            [
              -16.3431332,
              28.5566102
            ],
            [
              -16.3432859,
              28.5567685
            ],
            [
              -16.3433604,
              28.5568047
            ],
            [
              -16.3434494,
              28.5568049
            ],
            [
              -16.3443378,
              28.5567538
            ],
            [
              -16.3448403,
              28.5565851
            ],
            [
              -16.3449081,
              28.5565311
            ],
            [
              -16.3450192,
              28.5564138
            ],
            [
              -16.3450215,
              28.5564114
            ],
            [
              -16.3450867,
              28.5563508
            ],
            [
              -16.3451248,
              28.5563423
            ],
            [
              -16.3452695,
              28.5563445
            ],
            [
              -16.3453134,
              28.5563393
            ],
            [
              -16.3453412,
              28.5563259
            ],
            [
              -16.3453739,
              28.5562986
            ],
            [
              -16.3453913,
              28.5562592
            ],
            [
              -16.3454,
              28.5562033
            ],
            [
              -16.345393,
              28.5561416
            ],
            [
              -16.3461663,
              28.5555992
            ],
            [
              -16.3460634,
              28.5554825
            ],
            [
              -16.3457431,
              28.555717
            ],
            [
              -16.3452454,
              28.5554583
            ],
            [
              -16.345262,
              28.5554221
            ],
            [
              -16.3453787,
              28.5551678
            ],
            [
              -16.3454494,
              28.5550865
            ],
            [
              -16.3455353,
              28.5549879
            ],
            [
              -16.3459165,
              28.554896
            ],
            [
              -16.3461291,
              28.5548448
            ],
            [
              -16.3462023,
              28.5548774
            ],
            [
              -16.3462413,
              28.5550142
            ],
            [
              -16.3463116,
              28.5550295
            ],
            [
              -16.3465036,
              28.5548516
            ],
            [
              -16.3465776,
              28.5548639
            ],
            [
              -16.3467099,
              28.5547813
            ],
            [
              -16.3468309,
              28.5546087
            ],
            [
              -16.3469086,
              28.5545668
            ],
            [
              -16.3469809,
              28.5546104
            ],
            [
              -16.3471335,
              28.5544207
            ],
            [
              -16.3472696,
              28.5544236
            ],
            [
              -16.3474286,
              28.5545616
            ],
            [
              -16.3475556,
              28.5545921
            ],
            [
              -16.3476179,
              28.5545437
            ],
            [
              -16.3476045,
              28.5544232
            ],
            [
              -16.3477208,
              28.5544885
            ],
            [
              -16.3479246,
              28.5544434
            ],
            [
              -16.3479124,
              28.5542924
            ],
            [
              -16.3480043,
              28.5541954
            ],
            [
              -16.3482452,
              28.5543009
            ],
            [
              -16.3483676,
              28.5542941
            ],
            [
              -16.3484672,
              28.5542401
            ],
            [
              -16.3482875,
              28.5540881
            ],
            [
              -16.3490859,
              28.5533769
            ],
            [
              -16.3491789,
              28.5532027
            ],
            [
              -16.3493424,
              28.5530782
            ],
            [
              -16.3494982,
              28.5529596
            ],
            [
              -16.349745,
              28.5528808
            ],
            [
              -16.349969,
              28.5528521
            ],
            [
              -16.3501171,
              28.5530319
            ],
            [
              -16.3502465,
              28.5530824
            ],
            [
              -16.350706,
              28.552919
            ],
            [
              -16.351069,
              28.5529084
            ],
            [
              -16.3515695,
              28.5530676
            ],
            [
              -16.3517365,
              28.553165
            ],
            [
              -16.3518633,
              28.5531252
            ],
            [
              -16.3518517,
              28.552922
            ],
            [
              -16.3519327,
              28.5528671
            ],
            [
              -16.3522565,
              28.5528087
            ],
            [
              -16.3526701,
              28.5528222
            ],
            [
              -16.353032,
              28.5528888
            ],
            [
              -16.3532061,
              28.5529817
            ],
            [
              -16.353353,
              28.5532407
            ],
            [
              -16.3534627,
              28.5532085
            ],
            [
              -16.3535934,
              28.5532406
            ],
            [
              -16.3537323,
              28.5534076
            ],
            [
              -16.3538525,
              28.5534179
            ],
            [
              -16.3539601,
              28.5533143
            ],
            [
              -16.3539153,
              28.5530504
            ],
            [
              -16.354085,
              28.5530575
            ],
            [
              -16.3541452,
              28.5529786
            ],
            [
              -16.3541662,
              28.5528848
            ],
            [
              -16.3540926,
              28.5526645
            ],
            [
              -16.354277,
              28.5525426
            ],
            [
              -16.3542907,
              28.5525336
            ],
            [
              -16.354399,
              28.5521491
            ],
            [
              -16.3543665,
              28.5516734
            ],
            [
              -16.3542593,
              28.5513171
            ],
            [
              -16.3542496,
              28.550915
            ],
            [
              -16.3541825,
              28.550708
            ],
            [
              -16.3542764,
              28.5500019
            ],
            [
              -16.3543525,
              28.5498137
            ],
            [
              -16.3544942,
              28.5496772
            ],
            [
              -16.3550168,
              28.5495507
            ],
            [
              -16.3557475,
              28.5497525
            ],
            [
              -16.3557756,
              28.5497888
            ],
            [
              -16.3554678,
              28.549909
            ],
            [
              -16.3557357,
              28.5498906
            ],
            [
              -16.3559041,
              28.549988
            ],
            [
              -16.355861,
              28.5502038
            ],
            [
              -16.3563084,
              28.5502559
            ],
            [
              -16.3565889,
              28.5501912
            ],
            [
              -16.3567041,
              28.5503555
            ],
            [
              -16.3568451,
              28.5503377
            ],
            [
              -16.3569187,
              28.5502149
            ],
            [
              -16.3569112,
              28.5500697
            ],
            [
              -16.3567678,
              28.5499816
            ],
            [
              -16.3566986,
              28.5498585
            ],
            [
              -16.3564741,
              28.5496564
            ],
            [
              -16.3568256,
              28.5494489
            ],
            [
              -16.3569296,
              28.5494497
            ],
            [
              -16.3570834,
              28.5495055
            ],
            [
              -16.3571827,
              28.5495976
            ],
            [
              -16.3571077,
              28.5498347
            ],
            [
              -16.3573001,
              28.5501344
            ],
            [
              -16.3573422,
              28.5500351
            ],
            [
              -16.3574397,
              28.5499845
            ],
            [
              -16.3572012,
              28.5497036
            ],
            [
              -16.3574174,
              28.5495886
            ],
            [
              -16.3573684,
              28.5494831
            ],
            [
              -16.3575089,
              28.5491307
            ],
            [
              -16.3573918,
              28.5487854
            ],
            [
              -16.3576685,
              28.5480464
            ],
            [
              -16.3580077,
              28.5480719
            ],
            [
              -16.3582531,
              28.5481561
            ],
            [
              -16.3582919,
              28.548315
            ],
            [
              -16.3584905,
              28.5483991
            ],
            [
              -16.3585098,
              28.5485885
            ],
            [
              -16.3584494,
              28.5488177
            ],
            [
              -16.3585725,
              28.5490042
            ],
            [
              -16.3586186,
              28.5489442
            ],
            [
              -16.3587168,
              28.5489931
            ],
            [
              -16.3588956,
              28.5489504
            ],
            [
              -16.3588912,
              28.5491417
            ],
            [
              -16.3589576,
              28.5492181
            ],
            [
              -16.3591546,
              28.54904
            ],
            [
              -16.3593679,
              28.549053
            ],
            [
              -16.3592162,
              28.5491866
            ],
            [
              -16.3592028,
              28.5493952
            ],
            [
              -16.3593242,
              28.5495911
            ],
            [
              -16.3596943,
              28.5497118
            ],
            [
              -16.3597383,
              28.5496818
            ],
            [
              -16.3596413,
              28.5495395
            ],
            [
              -16.3596499,
              28.5494829
            ],
            [
              -16.3597984,
              28.549211
            ],
            [
              -16.3599585,
              28.5492007
            ],
            [
              -16.3602526,
              28.5487253
            ],
            [
              -16.3604289,
              28.5485579
            ],
            [
              -16.360585,
              28.5485474
            ],
            [
              -16.3607955,
              28.5483438
            ],
            [
              -16.3609959,
              28.5482385
            ],
            [
              -16.3610675,
              28.5480901
            ],
            [
              -16.3611008,
              28.5480493
            ],
            [
              -16.3611284,
              28.5479914
            ],
            [
              -16.3611505,
              28.5479808
            ],
            [
              -16.3611685,
              28.5479946
            ],
            [
              -16.3611602,
              28.5480469
            ],
            [
              -16.3611068,
              28.5481527
            ],
            [
              -16.3610654,
              28.5482822
            ],
            [
              -16.3610286,
              28.5483533
            ],
            [
              -16.3610625,
              28.5484089
            ],
            [
              -16.3612441,
              28.5484744
            ],
            [
              -16.3614956,
              28.548396
            ],
            [
              -16.3617443,
              28.5483226
            ],
            [
              -16.3620306,
              28.5481619
            ],
            [
              -16.362192,
              28.547972
            ],
            [
              -16.3621903,
              28.5478503
            ],
            [
              -16.3623407,
              28.5475822
            ],
            [
              -16.3624254,
              28.547278
            ],
            [
              -16.3624713,
              28.547087
            ],
            [
              -16.3625831,
              28.5469915
            ],
            [
              -16.3627053,
              28.5469943
            ],
            [
              -16.3627741,
              28.5471045
            ],
            [
              -16.3628281,
              28.5472029
            ],
            [
              -16.3628188,
              28.5472853
            ],
            [
              -16.3627137,
              28.5473726
            ],
            [
              -16.3626893,
              28.5474568
            ],
            [
              -16.3628771,
              28.5477309
            ],
            [
              -16.3628653,
              28.5478832
            ],
            [
              -16.3629221,
              28.5480261
            ],
            [
              -16.3631726,
              28.5479029
            ],
            [
              -16.3633378,
              28.5479966
            ],
            [
              -16.3635933,
              28.5479016
            ],
            [
              -16.3636789,
              28.5479846
            ],
            [
              -16.3638125,
              28.5479606
            ],
            [
              -16.3640069,
              28.5476957
            ],
            [
              -16.3641159,
              28.5472379
            ],
            [
              -16.3642994,
              28.5471609
            ],
            [
              -16.3644268,
              28.5469717
            ],
            [
              -16.3645916,
              28.5464296
            ],
            [
              -16.3647101,
              28.5462941
            ],
            [
              -16.3648908,
              28.5463416
            ],
            [
              -16.3649475,
              28.5462322
            ],
            [
              -16.3650838,
              28.5461535
            ],
            [
              -16.3650943,
              28.5460798
            ],
            [
              -16.3650289,
              28.5460107
            ],
            [
              -16.3648713,
              28.5460452
            ],
            [
              -16.3649245,
              28.5458853
            ],
            [
              -16.3650469,
              28.5458061
            ],
            [
              -16.3651283,
              28.5458498
            ],
            [
              -16.3651907,
              28.5458194
            ],
            [
              -16.3652495,
              28.5454744
            ],
            [
              -16.3653848,
              28.5453079
            ],
            [
              -16.3656029,
              28.545207
            ],
            [
              -16.3658396,
              28.5451996
            ],
            [
              -16.366066,
              28.5453071
            ],
            [
              -16.3662646,
              28.5454677
            ],
            [
              -16.3665392,
              28.5457919
            ],
            [
              -16.3665338,
              28.5460612
            ],
            [
              -16.3665886,
              28.5461459
            ],
            [
              -16.366644,
              28.5460546
            ],
            [
              -16.3667415,
              28.5461217
            ],
            [
              -16.3668945,
              28.5460746
            ],
            [
              -16.3669434,
              28.5461144
            ],
            [
              -16.3669638,
              28.5462951
            ],
            [
              -16.3670184,
              28.5463333
            ],
            [
              -16.3674941,
              28.5462045
            ],
            [
              -16.3678951,
              28.5464694
            ],
            [
              -16.3679698,
              28.546538
            ],
            [
              -16.3681765,
              28.546728
            ],
            [
              -16.368051,
              28.5468092
            ],
            [
              -16.3680224,
              28.5468985
            ],
            [
              -16.3681846,
              28.5470169
            ],
            [
              -16.3680647,
              28.5470638
            ],
            [
              -16.3679775,
              28.5472215
            ],
            [
              -16.3677989,
              28.5472925
            ],
            [
              -16.3677135,
              28.5473743
            ],
            [
              -16.3676898,
              28.5474638
            ],
            [
              -16.367759,
              28.5475252
            ],
            [
              -16.3679921,
              28.5474877
            ],
            [
              -16.3681351,
              28.5475638
            ],
            [
              -16.368327,
              28.5474781
            ],
            [
              -16.3683117,
              28.5470067
            ],
            [
              -16.3683671,
              28.5468941
            ],
            [
              -16.3685974,
              28.5468019
            ],
            [
              -16.3688388,
              28.5467499
            ],
            [
              -16.3693168,
              28.5466639
            ],
            [
              -16.3696781,
              28.5466799
            ],
            [
              -16.3700234,
              28.5468666
            ],
            [
              -16.3701299,
              28.5469242
            ],
            [
              -16.3701361,
              28.547005
            ],
            [
              -16.3700697,
              28.5471021
            ],
            [
              -16.3698831,
              28.5472099
            ],
            [
              -16.3699296,
              28.5473712
            ],
            [
              -16.3698562,
              28.5475495
            ],
            [
              -16.3699715,
              28.5476595
            ],
            [
              -16.370067,
              28.5476134
            ],
            [
              -16.3702208,
              28.5476942
            ],
            [
              -16.3703558,
              28.5475329
            ],
            [
              -16.3705972,
              28.5476732
            ],
            [
              -16.3708322,
              28.5475217
            ],
            [
              -16.3708939,
              28.5474107
            ],
            [
              -16.3708825,
              28.5471622
            ],
            [
              -16.3708198,
              28.5470113
            ],
            [
              -16.370868,
              28.546903
            ],
            [
              -16.3709418,
              28.546871
            ],
            [
              -16.3711222,
              28.5469356
            ],
            [
              -16.3713217,
              28.5469322
            ],
            [
              -16.3712543,
              28.5471157
            ],
            [
              -16.3712781,
              28.5472512
            ],
            [
              -16.3711745,
              28.5474539
            ],
            [
              -16.371391,
              28.5472599
            ],
            [
              -16.371472,
              28.5471133
            ],
            [
              -16.3716098,
              28.5470353
            ],
            [
              -16.3716868,
              28.5470712
            ],
            [
              -16.3717014,
              28.5472742
            ],
            [
              -16.3718487,
              28.5474208
            ],
            [
              -16.3718441,
              28.5474912
            ],
            [
              -16.3718122,
              28.5476169
            ],
            [
              -16.3719528,
              28.5474736
            ],
            [
              -16.3719208,
              28.5473487
            ],
            [
              -16.3719333,
              28.5472814
            ],
            [
              -16.3719898,
              28.5472802
            ],
            [
              -16.3720482,
              28.5473071
            ],
            [
              -16.3720731,
              28.5472582
            ],
            [
              -16.3719881,
              28.54721
            ],
            [
              -16.37204,
              28.5471636
            ],
            [
              -16.3720215,
              28.5471149
            ],
            [
              -16.3719727,
              28.547037
            ],
            [
              -16.3720811,
              28.5470794
            ],
            [
              -16.3721569,
              28.5470594
            ],
            [
              -16.3721658,
              28.5470066
            ],
            [
              -16.3721135,
              28.546975
            ],
            [
              -16.372095,
              28.5468627
            ],
            [
              -16.3722677,
              28.5468605
            ],
            [
              -16.3722783,
              28.5467831
            ],
            [
              -16.3723027,
              28.5467552
            ],
            [
              -16.3723993,
              28.546737
            ],
            [
              -16.3723779,
              28.5466641
            ],
            [
              -16.372316,
              28.546697
            ],
            [
              -16.3723205,
              28.5466217
            ],
            [
              -16.3722618,
              28.5466169
            ],
            [
              -16.3722638,
              28.5466655
            ],
            [
              -16.3722094,
              28.5466376
            ],
            [
              -16.3722307,
              28.5465642
            ],
            [
              -16.372276,
              28.5465322
            ],
            [
              -16.3723024,
              28.5464751
            ],
            [
              -16.3722539,
              28.5464533
            ],
            [
              -16.3722661,
              28.5463641
            ],
            [
              -16.3723705,
              28.5462745
            ],
            [
              -16.372455,
              28.546244
            ],
            [
              -16.372564,
              28.5462743
            ],
            [
              -16.3728551,
              28.5462497
            ],
            [
              -16.3729552,
              28.5463103
            ],
            [
              -16.3733163,
              28.5463227
            ],
            [
              -16.3735396,
              28.5467722
            ],
            [
              -16.3738148,
              28.5468224
            ],
            [
              -16.3739136,
              28.546959
            ],
            [
              -16.3740084,
              28.5469792
            ],
            [
              -16.3740661,
              28.5470984
            ],
            [
              -16.3742268,
              28.547152
            ],
            [
              -16.3742015,
              28.5472283
            ],
            [
              -16.3743714,
              28.5473732
            ],
            [
              -16.3745182,
              28.5474
            ],
            [
              -16.3746481,
              28.5474871
            ],
            [
              -16.3746406,
              28.5476344
            ],
            [
              -16.3747572,
              28.5477387
            ],
            [
              -16.3748459,
              28.5476088
            ],
            [
              -16.3748344,
              28.5474797
            ],
            [
              -16.3750581,
              28.5475526
            ],
            [
              -16.3751916,
              28.5474609
            ],
            [
              -16.3755101,
              28.5474507
            ],
            [
              -16.37557,
              28.5476262
            ],
            [
              -16.3758386,
              28.5475623
            ],
            [
              -16.3760126,
              28.547678
            ],
            [
              -16.376176,
              28.5476271
            ],
            [
              -16.3761961,
              28.5477695
            ],
            [
              -16.3762882,
              28.5478972
            ],
            [
              -16.3766158,
              28.5478353
            ],
            [
              -16.3767348,
              28.5477716
            ],
            [
              -16.3769106,
              28.5478105
            ],
            [
              -16.37718,
              28.5478701
            ],
            [
              -16.3771804,
              28.5480044
            ],
            [
              -16.3773661,
              28.5479219
            ],
            [
              -16.377408,
              28.5481861
            ],
            [
              -16.3775225,
              28.548102
            ],
            [
              -16.3774609,
              28.5479675
            ],
            [
              -16.3775834,
              28.5480735
            ],
            [
              -16.3776882,
              28.5480298
            ],
            [
              -16.3777215,
              28.5481467
            ],
            [
              -16.3777982,
              28.5480516
            ],
            [
              -16.3777243,
              28.5479635
            ],
            [
              -16.3777877,
              28.5479051
            ],
            [
              -16.3776248,
              28.5477358
            ],
            [
              -16.3776895,
              28.5476178
            ],
            [
              -16.3780361,
              28.5475288
            ],
            [
              -16.3782621,
              28.5475162
            ],
            [
              -16.3785501,
              28.5475508
            ],
            [
              -16.3785333,
              28.5477439
            ],
            [
              -16.3785715,
              28.5478475
            ],
            [
              -16.3786517,
              28.5477716
            ],
            [
              -16.3787759,
              28.5479547
            ],
            [
              -16.3788309,
              28.5479451
            ],
            [
              -16.3788059,
              28.5477465
            ],
            [
              -16.3793731,
              28.5476106
            ],
            [
              -16.379565,
              28.5476543
            ],
            [
              -16.3795758,
              28.5477824
            ],
            [
              -16.3796604,
              28.5478337
            ],
            [
              -16.3796614,
              28.5480309
            ],
            [
              -16.3798211,
              28.5480289
            ],
            [
              -16.3799579,
              28.5479368
            ],
            [
              -16.3804325,
              28.5480272
            ],
            [
              -16.3805324,
              28.5476245
            ],
            [
              -16.3803482,
              28.5468807
            ],
            [
              -16.3803479,
              28.5468797
            ],
            [
              -16.3804169,
              28.5464171
            ],
            [
              -16.380544,
              28.5463438
            ],
            [
              -16.380747,
              28.5463975
            ],
            [
              -16.3808225,
              28.5465814
            ],
            [
              -16.3809775,
              28.5467006
            ],
            [
              -16.3810285,
              28.5466291
            ],
            [
              -16.3810188,
              28.5465283
            ],
            [
              -16.3814819,
              28.5465288
            ],
            [
              -16.3815778,
              28.5466081
            ],
            [
              -16.3815411,
              28.5468289
            ],
            [
              -16.3817389,
              28.5470276
            ],
            [
              -16.381874,
              28.5470954
            ],
            [
              -16.3819518,
              28.5470423
            ],
            [
              -16.3819667,
              28.5467303
            ],
            [
              -16.3818753,
              28.5465689
            ],
            [
              -16.3819489,
              28.546496
            ],
            [
              -16.382087,
              28.5464708
            ],
            [
              -16.3826704,
              28.5466008
            ],
            [
              -16.382831,
              28.5467999
            ],
            [
              -16.3828763,
              28.5469882
            ],
            [
              -16.3831014,
              28.5471117
            ],
            [
              -16.3833791,
              28.5470627
            ],
            [
              -16.3835997,
              28.5465978
            ],
            [
              -16.3835284,
              28.5464481
            ],
            [
              -16.3835522,
              28.5462998
            ],
            [
              -16.3837311,
              28.5462021
            ],
            [
              -16.3838427,
              28.5462909
            ],
            [
              -16.3840257,
              28.5463037
            ],
            [
              -16.3838159,
              28.5459946
            ],
            [
              -16.3837135,
              28.5459616
            ],
            [
              -16.3835694,
              28.5460122
            ],
            [
              -16.3834677,
              28.5459837
            ],
            [
              -16.3834354,
              28.5459519
            ],
            [
              -16.3834675,
              28.5458455
            ],
            [
              -16.3836686,
              28.5456509
            ],
            [
              -16.3836694,
              28.5456501
            ],
            [
              -16.3838142,
              28.5456289
            ],
            [
              -16.3839538,
              28.5458498
            ],
            [
              -16.384218,
              28.5460403
            ],
            [
              -16.3843554,
              28.5462159
            ],
            [
              -16.3844444,
              28.5462205
            ],
            [
              -16.3844509,
              28.5461693
            ],
            [
              -16.3843082,
              28.5460397
            ],
            [
              -16.3843384,
              28.5459143
            ],
            [
              -16.3842818,
              28.545779
            ],
            [
              -16.3840576,
              28.5455456
            ],
            [
              -16.384148,
              28.5454157
            ],
            [
              -16.3843863,
              28.5452962
            ],
            [
              -16.3844834,
              28.5452869
            ],
            [
              -16.3847252,
              28.5454218
            ],
            [
              -16.3847044,
              28.5454891
            ],
            [
              -16.3844865,
              28.545478
            ],
            [
              -16.3845806,
              28.5456163
            ],
            [
              -16.3846604,
              28.5456426
            ],
            [
              -16.3847399,
              28.5455324
            ],
            [
              -16.3848313,
              28.5454987
            ],
            [
              -16.3850287,
              28.5457956
            ],
            [
              -16.3854094,
              28.5461073
            ],
            [
              -16.3856193,
              28.5461265
            ],
            [
              -16.3858494,
              28.5460262
            ],
            [
              -16.3858771,
              28.5460961
            ],
            [
              -16.3857754,
              28.5462681
            ],
            [
              -16.3859636,
              28.5463211
            ],
            [
              -16.3860011,
              28.5463057
            ],
            [
              -16.3859979,
              28.5461894
            ],
            [
              -16.386162,
              28.545725
            ],
            [
              -16.3861264,
              28.5454029
            ],
            [
              -16.3861923,
              28.5453844
            ],
            [
              -16.3862835,
              28.5455022
            ],
            [
              -16.3863581,
              28.5454527
            ],
            [
              -16.3863582,
              28.5453986
            ],
            [
              -16.386295,
              28.5452944
            ],
            [
              -16.3861244,
              28.5451774
            ],
            [
              -16.3861342,
              28.5450864
            ],
            [
              -16.3860122,
              28.545031
            ],
            [
              -16.3858532,
              28.5447213
            ],
            [
              -16.3859484,
              28.5446481
            ],
            [
              -16.3861528,
              28.5446551
            ],
            [
              -16.3861769,
              28.5444795
            ],
            [
              -16.3863434,
              28.5443964
            ],
            [
              -16.3866099,
              28.5443901
            ],
            [
              -16.3867728,
              28.5439864
            ],
            [
              -16.3870453,
              28.5437334
            ],
            [
              -16.3874698,
              28.5436157
            ],
            [
              -16.3877504,
              28.5436248
            ],
            [
              -16.3877858,
              28.5437287
            ],
            [
              -16.3876918,
              28.543958
            ],
            [
              -16.3877154,
              28.5441607
            ],
            [
              -16.3877542,
              28.544215
            ],
            [
              -16.3879209,
              28.5442253
            ],
            [
              -16.3880208,
              28.5442987
            ],
            [
              -16.3880491,
              28.5445012
            ],
            [
              -16.3881723,
              28.5445315
            ],
            [
              -16.3881886,
              28.5444312
            ],
            [
              -16.3878849,
              28.544037
            ],
            [
              -16.3878942,
              28.5439592
            ],
            [
              -16.3879696,
              28.5439541
            ],
            [
              -16.3880673,
              28.5440975
            ],
            [
              -16.3882165,
              28.5441917
            ],
            [
              -16.3882446,
              28.5441106
            ],
            [
              -16.3881237,
              28.5439113
            ],
            [
              -16.3881964,
              28.5438049
            ],
            [
              -16.3883303,
              28.543778
            ],
            [
              -16.3884347,
              28.5438102
            ],
            [
              -16.3886265,
              28.544035
            ],
            [
              -16.3888141,
              28.5438571
            ],
            [
              -16.3887994,
              28.5437196
            ],
            [
              -16.3886454,
              28.5435657
            ],
            [
              -16.3886775,
              28.5435011
            ],
            [
              -16.3888406,
              28.5434831
            ],
            [
              -16.3890005,
              28.5436048
            ],
            [
              -16.3890764,
              28.5435158
            ],
            [
              -16.3892538,
              28.5436687
            ],
            [
              -16.3893096,
              28.5434421
            ],
            [
              -16.389239,
              28.5433346
            ],
            [
              -16.3892966,
              28.5432627
            ],
            [
              -16.3894523,
              28.5433671
            ],
            [
              -16.389541,
              28.5433562
            ],
            [
              -16.3896786,
              28.5434372
            ],
            [
              -16.389768,
              28.5434204
            ],
            [
              -16.3897546,
              28.5432254
            ],
            [
              -16.3895643,
              28.5431522
            ],
            [
              -16.3895647,
              28.5430814
            ],
            [
              -16.3897033,
              28.542995
            ],
            [
              -16.3897524,
              28.5429077
            ],
            [
              -16.3899103,
              28.5429277
            ],
            [
              -16.3900578,
              28.5428617
            ],
            [
              -16.3900963,
              28.5427609
            ],
            [
              -16.3900253,
              28.5424851
            ],
            [
              -16.3900617,
              28.5424433
            ],
            [
              -16.3902093,
              28.5424845
            ],
            [
              -16.3903336,
              28.542405
            ],
            [
              -16.3904194,
              28.5424846
            ],
            [
              -16.3907871,
              28.5423618
            ],
            [
              -16.3910083,
              28.5425308
            ],
            [
              -16.3912236,
              28.5424903
            ],
            [
              -16.3914283,
              28.5424146
            ],
            [
              -16.3917681,
              28.5418236
            ],
            [
              -16.3918961,
              28.5417606
            ],
            [
              -16.3919309,
              28.5415345
            ],
            [
              -16.3918981,
              28.5413979
            ],
            [
              -16.3920102,
              28.5412062
            ],
            [
              -16.3921996,
              28.5410548
            ],
            [
              -16.3924368,
              28.541215
            ],
            [
              -16.3926556,
              28.5412937
            ],
            [
              -16.3927245,
              28.5412382
            ],
            [
              -16.3927518,
              28.5411644
            ],
            [
              -16.3928397,
              28.5411433
            ],
            [
              -16.3929373,
              28.5411433
            ],
            [
              -16.393204,
              28.5412346
            ],
            [
              -16.3932833,
              28.5412207
            ],
            [
              -16.3933194,
              28.5410186
            ],
            [
              -16.393263,
              28.5409411
            ],
            [
              -16.3930216,
              28.5407851
            ],
            [
              -16.3931411,
              28.5406912
            ],
            [
              -16.3932978,
              28.5406435
            ],
            [
              -16.3934677,
              28.5408065
            ],
            [
              -16.3937538,
              28.5406045
            ],
            [
              -16.3941317,
              28.5406436
            ],
            [
              -16.3941332,
              28.5405694
            ],
            [
              -16.3945123,
              28.540269
            ],
            [
              -16.3948423,
              28.5401232
            ],
            [
              -16.3952866,
              28.5401255
            ],
            [
              -16.3953504,
              28.5400602
            ],
            [
              -16.3952786,
              28.5399931
            ],
            [
              -16.3950485,
              28.5399861
            ],
            [
              -16.3950247,
              28.5397979
            ],
            [
              -16.3951675,
              28.5398443
            ],
            [
              -16.3952626,
              28.5397717
            ],
            [
              -16.3951517,
              28.539605
            ],
            [
              -16.3951043,
              28.5394325
            ],
            [
              -16.3952471,
              28.5392664
            ],
            [
              -16.3953163,
              28.5390206
            ],
            [
              -16.3951806,
              28.5388569
            ],
            [
              -16.3953201,
              28.5386696
            ],
            [
              -16.3952618,
              28.5386201
            ],
            [
              -16.395178,
              28.5385488
            ],
            [
              -16.3952803,
              28.5384054
            ],
            [
              -16.395461,
              28.5383614
            ],
            [
              -16.3955536,
              28.5384747
            ],
            [
              -16.3957876,
              28.5386033
            ],
            [
              -16.3957948,
              28.5385321
            ],
            [
              -16.3956111,
              28.5383495
            ],
            [
              -16.3957208,
              28.538229
            ],
            [
              -16.3958793,
              28.5381276
            ],
            [
              -16.3961885,
              28.5380785
            ],
            [
              -16.3965407,
              28.5380977
            ],
            [
              -16.3966836,
              28.5381751
            ],
            [
              -16.3967982,
              28.5382862
            ],
            [
              -16.3969342,
              28.538473
            ],
            [
              -16.3970855,
              28.5385936
            ],
            [
              -16.3972549,
              28.5386125
            ],
            [
              -16.3973948,
              28.5385708
            ],
            [
              -16.3975723,
              28.5384905
            ],
            [
              -16.3976994,
              28.5383616
            ],
            [
              -16.397731,
              28.5381506
            ],
            [
              -16.397678,
              28.5379337
            ],
            [
              -16.3977277,
              28.5376975
            ],
            [
              -16.3978511,
              28.53756
            ],
            [
              -16.3978578,
              28.5375525
            ],
            [
              -16.3977391,
              28.5374251
            ],
            [
              -16.3976616,
              28.5373924
            ],
            [
              -16.3977211,
              28.5372007
            ],
            [
              -16.397663,
              28.5370599
            ],
            [
              -16.3978152,
              28.5367984
            ],
            [
              -16.3979635,
              28.5368274
            ],
            [
              -16.3980427,
              28.5366273
            ],
            [
              -16.3981715,
              28.5363634
            ],
            [
              -16.3982075,
              28.5362475
            ],
            [
              -16.3983295,
              28.5360009
            ],
            [
              -16.3984122,
              28.5357312
            ],
            [
              -16.3983892,
              28.5354209
            ],
            [
              -16.3983002,
              28.5351193
            ],
            [
              -16.3982401,
              28.5349609
            ],
            [
              -16.3981829,
              28.5347527
            ],
            [
              -16.39812,
              28.5345236
            ],
            [
              -16.3981285,
              28.5342521
            ],
            [
              -16.3981715,
              28.5341164
            ],
            [
              -16.3982485,
              28.5340275
            ],
            [
              -16.3983418,
              28.5339196
            ],
            [
              -16.398386,
              28.5337544
            ],
            [
              -16.3985147,
              28.5336538
            ],
            [
              -16.3986435,
              28.5336187
            ],
            [
              -16.3988066,
              28.5335885
            ],
            [
              -16.3989268,
              28.533581
            ],
            [
              -16.399167,
              28.5336174
            ],
            [
              -16.3993302,
              28.5335056
            ],
            [
              -16.399622,
              28.5334981
            ],
            [
              -16.3997164,
              28.5334226
            ],
            [
              -16.3997507,
              28.5333397
            ],
            [
              -16.3998452,
              28.5332869
            ],
            [
              -16.3999138,
              28.5333397
            ],
            [
              -16.4000683,
              28.5332869
            ],
            [
              -16.4002142,
              28.5332794
            ],
            [
              -16.4004288,
              28.5333472
            ],
            [
              -16.4005943,
              28.5334199
            ],
            [
              -16.4006863,
              28.5334603
            ],
            [
              -16.4007206,
              28.5334905
            ],
            [
              -16.4006605,
              28.533581
            ],
            [
              -16.4007035,
              28.5336564
            ],
            [
              -16.4007464,
              28.5336941
            ],
            [
              -16.400755,
              28.5337393
            ],
            [
              -16.4009095,
              28.5338374
            ],
            [
              -16.4009095,
              28.5338751
            ],
            [
              -16.4010039,
              28.5339128
            ],
            [
              -16.4010897,
              28.5338826
            ],
            [
              -16.401124,
              28.5338148
            ],
            [
              -16.4010382,
              28.5337695
            ],
            [
              -16.4010124,
              28.5336112
            ],
            [
              -16.4010296,
              28.5335358
            ],
            [
              -16.4010811,
              28.5334679
            ],
            [
              -16.4011841,
              28.5334603
            ],
            [
              -16.4014244,
              28.5334151
            ],
            [
              -16.4015274,
              28.5333623
            ],
            [
              -16.4015775,
              28.5334348
            ],
            [
              -16.4016097,
              28.5335841
            ],
            [
              -16.4016626,
              28.5335434
            ],
            [
              -16.401699,
              28.5334563
            ],
            [
              -16.4018708,
              28.5334528
            ],
            [
              -16.4020081,
              28.5335433
            ],
            [
              -16.402061,
              28.5336181
            ],
            [
              -16.4021454,
              28.5336807
            ],
            [
              -16.4022596,
              28.533654
            ],
            [
              -16.4022794,
              28.5335752
            ],
            [
              -16.4022336,
              28.5334437
            ],
            [
              -16.4021421,
              28.5332775
            ],
            [
              -16.4021776,
              28.5332184
            ],
            [
              -16.4023155,
              28.5331766
            ],
            [
              -16.4023858,
              28.5331552
            ],
            [
              -16.402598,
              28.5331919
            ],
            [
              -16.4026435,
              28.5331572
            ],
            [
              -16.4026634,
              28.5330278
            ],
            [
              -16.402611,
              28.5329655
            ],
            [
              -16.4025744,
              28.5328936
            ],
            [
              -16.4026366,
              28.5326626
            ],
            [
              -16.4027292,
              28.5325786
            ],
            [
              -16.4026932,
              28.5323118
            ],
            [
              -16.4028058,
              28.5321292
            ],
            [
              -16.4027972,
              28.5319558
            ],
            [
              -16.40278,
              28.5318954
            ],
            [
              -16.4028058,
              28.5318427
            ],
            [
              -16.4028058,
              28.5316768
            ],
            [
              -16.4030098,
              28.5312697
            ],
            [
              -16.403259,
              28.5309754
            ],
            [
              -16.4035765,
              28.5306626
            ],
            [
              -16.4038792,
              28.5305497
            ],
            [
              -16.4040165,
              28.530512
            ],
            [
              -16.4044027,
              28.5303217
            ],
            [
              -16.4044028,
              28.5304064
            ],
            [
              -16.4044524,
              28.5305032
            ],
            [
              -16.4048491,
              28.5304893
            ],
            [
              -16.4052928,
              28.5305234
            ],
            [
              -16.4054109,
              28.5304614
            ],
            [
              -16.4054499,
              28.5303385
            ],
            [
              -16.4058104,
              28.5301651
            ],
            [
              -16.4061709,
              28.529871
            ],
            [
              -16.4062825,
              28.5298484
            ],
            [
              -16.4063425,
              28.5297277
            ],
            [
              -16.4064369,
              28.5296674
            ],
            [
              -16.4064369,
              28.5296146
            ],
            [
              -16.4065399,
              28.5295015
            ],
            [
              -16.4070549,
              28.5291621
            ],
            [
              -16.4071408,
              28.5290566
            ],
            [
              -16.407527,
              28.5287851
            ],
            [
              -16.4076128,
              28.5287097
            ],
            [
              -16.4077416,
              28.5286343
            ],
            [
              -16.4079132,
              28.5285815
            ],
            [
              -16.4079991,
              28.528491
            ],
            [
              -16.408145,
              28.5284382
            ],
            [
              -16.408248,
              28.5283704
            ],
            [
              -16.4083646,
              28.5283337
            ],
            [
              -16.40872,
              28.5279254
            ],
            [
              -16.4090462,
              28.5275936
            ],
            [
              -16.4094067,
              28.5274504
            ],
            [
              -16.4095354,
              28.5274126
            ],
            [
              -16.4097157,
              28.5274805
            ],
            [
              -16.4100676,
              28.5272694
            ],
            [
              -16.4101792,
              28.5271864
            ],
            [
              -16.4102618,
              28.5269587
            ],
            [
              -16.4103852,
              28.5269526
            ],
            [
              -16.4104967,
              28.5270431
            ],
            [
              -16.4107285,
              28.5270054
            ],
            [
              -16.4107456,
              28.5270808
            ],
            [
              -16.410986,
              28.527194
            ],
            [
              -16.4109946,
              28.527111
            ],
            [
              -16.40964,
              28.5255155
            ],
            [
              -16.4088954,
              28.5246001
            ],
            [
              -16.4065561,
              28.5215991
            ],
            [
              -16.4054454,
              28.5202086
            ],
            [
              -16.4050252,
              28.5194788
            ],
            [
              -16.4047008,
              28.5187879
            ],
            [
              -16.4038235,
              28.5170606
            ],
            [
              -16.402848,
              28.5152858
            ],
            [
              -16.4016243,
              28.5129711
            ],
            [
              -16.4007151,
              28.5112653
            ],
            [
              -16.400611,
              28.5110448
            ],
            [
              -16.399796,
              28.5093176
            ],
            [
              -16.3987542,
              28.5084236
            ],
            [
              -16.397555,
              28.5074303
            ],
            [
              -16.3952648,
              28.5058972
            ],
            [
              -16.3943777,
              28.5052407
            ],
            [
              -16.3946775,
              28.5049772
            ],
            [
              -16.3942549,
              28.5045713
            ],
            [
              -16.3942254,
              28.5043813
            ],
            [
              -16.3931938,
              28.5037854
            ],
            [
              -16.3931786,
              28.5037766
            ],
            [
              -16.3924266,
              28.5034009
            ],
            [
              -16.3918959,
              28.5028351
            ],
            [
              -16.3912324,
              28.5021225
            ],
            [
              -16.3910751,
              28.5017813
            ],
            [
              -16.3896106,
              28.5004424
            ],
            [
              -16.3881657,
              28.4996347
            ],
            [
              -16.3874678,
              28.4992719
            ],
            [
              -16.3865488,
              28.4989091
            ],
            [
              -16.3863375,
              28.49884
            ],
            [
              -16.3859295,
              28.4987752
            ],
            [
              -16.3856691,
              28.4986111
            ],
            [
              -16.3856453,
              28.4985828
            ],
            [
              -16.3855167,
              28.4984297
            ],
            [
              -16.3853587,
              28.4983289
            ],
            [
              -16.3840378,
              28.4974863
            ],
            [
              -16.3818071,
              28.495451
            ],
            [
              -16.3772854,
              28.4927925
            ],
            [
              -16.3756411,
              28.4916026
            ],
            [
              -16.3747278,
              28.4909127
            ],
            [
              -16.374461,
              28.4886266
            ],
            [
              -16.3743086,
              28.4866252
            ],
            [
              -16.3738989,
              28.4825469
            ],
            [
              -16.373756,
              28.4807129
            ],
            [
              -16.3734034,
              28.4773759
            ],
            [
              -16.3733295,
              28.4766768
            ],
            [
              -16.3732224,
              28.4756629
            ],
            [
              -16.3731833,
              28.4754523
            ],
            [
              -16.3730418,
              28.4746893
            ],
            [
              -16.3729054,
              28.4739535
            ],
            [
              -16.3728365,
              28.4735822
            ],
            [
              -16.3726508,
              28.4725808
            ],
            [
              -16.3725881,
              28.4719269
            ],
            [
              -16.3725841,
              28.4718857
            ],
            [
              -16.3743848,
              28.4714585
            ],
            [
              -16.3761855,
              28.4714334
            ],
            [
              -16.3770371,
              28.4713136
            ],
            [
              -16.377603,
              28.4698212
            ],
            [
              -16.3781453,
              28.4677484
            ],
            [
              -16.3784283,
              28.466937
            ],
            [
              -16.3784889,
              28.4666172
            ],
            [
              -16.3786775,
              28.4661967
            ],
            [
              -16.3788695,
              28.4658887
            ],
            [
              -16.3790312,
              28.465711
            ],
            [
              -16.3791188,
              28.4652135
            ],
            [
              -16.3791256,
              28.4650418
            ],
            [
              -16.3793411,
              28.4647871
            ],
            [
              -16.3794826,
              28.4646331
            ],
            [
              -16.3795769,
              28.4644199
            ],
            [
              -16.3797319,
              28.4638513
            ],
            [
              -16.3798902,
              28.4636141
            ],
            [
              -16.3803094,
              28.4610343
            ],
            [
              -16.3803618,
              28.4595098
            ],
            [
              -16.3806667,
              28.4589151
            ],
            [
              -16.3822101,
              28.4566284
            ],
            [
              -16.3822816,
              28.4553719
            ],
            [
              -16.3831963,
              28.4545342
            ],
            [
              -16.3835964,
              28.453663
            ],
            [
              -16.3833678,
              28.4532107
            ],
            [
              -16.3836298,
              28.4523981
            ],
            [
              -16.3831611,
              28.4515364
            ],
            [
              -16.3830835,
              28.4511931
            ],
            [
              -16.3828674,
              28.4507968
            ],
            [
              -16.3827216,
              28.4504296
            ],
            [
              -16.3826818,
              28.4508845
            ],
            [
              -16.3825344,
              28.4522067
            ],
            [
              -16.3821511,
              28.4530018
            ],
            [
              -16.3819152,
              28.4534684
            ],
            [
              -16.3815613,
              28.4537277
            ],
            [
              -16.3805391,
              28.4540042
            ],
            [
              -16.379507,
              28.4542808
            ],
            [
              -16.3790057,
              28.4545141
            ],
            [
              -16.3781113,
              28.4553696
            ],
            [
              -16.3774724,
              28.4561474
            ],
            [
              -16.3770104,
              28.4570202
            ],
            [
              -16.3769532,
              28.4573856
            ],
            [
              -16.3768236,
              28.4582127
            ],
            [
              -16.3766172,
              28.4592065
            ],
            [
              -16.3763715,
              28.4600447
            ],
            [
              -16.3763813,
              28.4612804
            ],
            [
              -16.3763224,
              28.4616952
            ],
            [
              -16.3759783,
              28.4621877
            ],
            [
              -16.3746612,
              28.4634061
            ],
            [
              -16.3738356,
              28.4638036
            ],
            [
              -16.3733638,
              28.4644776
            ],
            [
              -16.3731279,
              28.4649355
            ],
            [
              -16.3730787,
              28.4653417
            ],
            [
              -16.3720958,
              28.4663613
            ],
            [
              -16.3714274,
              28.4668711
            ],
            [
              -16.3704347,
              28.4675537
            ],
            [
              -16.3687539,
              28.4691695
            ],
            [
              -16.3679577,
              28.4690399
            ],
            [
              -16.3667979,
              28.4685301
            ],
            [
              -16.3653727,
              28.4680808
            ],
            [
              -16.3645863,
              28.467666
            ],
            [
              -16.3638197,
              28.46745
            ],
            [
              -16.3631906,
              28.467234
            ],
            [
              -16.3624043,
              28.4671217
            ],
            [
              -16.3617064,
              28.4669402
            ],
            [
              -16.3597405,
              28.4666464
            ],
            [
              -16.35862,
              28.4662922
            ],
            [
              -16.3560841,
              28.4658428
            ],
            [
              -16.355183,
              28.4656085
            ],
            [
              -16.3545227,
              28.4654368
            ],
            [
              -16.3532926,
              28.465117
            ],
            [
              -16.3508353,
              28.4648923
            ],
            [
              -16.3499704,
              28.4654626
            ],
            [
              -16.3494347,
              28.4654713
            ],
            [
              -16.3492378,
              28.4653848
            ],
            [
              -16.348215,
              28.4649351
            ],
            [
              -16.3458962,
              28.4639159
            ],
            [
              -16.3450312,
              28.4636913
            ],
            [
              -16.3402149,
              28.4618075
            ],
            [
              -16.3414534,
              28.4607533
            ],
            [
              -16.3414525,
              28.4600288
            ],
            [
              -16.3413662,
              28.4599721
            ],
            [
              -16.3410865,
              28.4598704
            ],
            [
              -16.340677,
              28.4597948
            ],
            [
              -16.3402848,
              28.4595901
            ],
            [
              -16.3401457,
              28.4594445
            ],
            [
              -16.3400519,
              28.4592549
            ],
            [
              -16.3400269,
              28.4591546
            ],
            [
              -16.3398753,
              28.4589334
            ],
            [
              -16.3398003,
              28.458873
            ],
            [
              -16.3394268,
              28.4587479
            ],
            [
              -16.3391861,
              28.4585199
            ],
            [
              -16.3390939,
              28.4584594
            ],
            [
              -16.3389799,
              28.4584319
            ],
            [
              -16.3385642,
              28.4583976
            ],
            [
              -16.3383501,
              28.4582863
            ],
            [
              -16.3380875,
              28.4582698
            ],
            [
              -16.3378734,
              28.4581736
            ],
            [
              -16.3375077,
              28.4580829
            ],
            [
              -16.3373343,
              28.4579456
            ],
            [
              -16.3371764,
              28.4576969
            ],
            [
              -16.3370123,
              28.4575883
            ],
            [
              -16.3367604,
              28.4575322
            ],
            [
              -16.3366904,
              28.4574935
            ],
            [
              -16.3365654,
              28.4573932
            ],
            [
              -16.3364388,
              28.4573122
            ],
            [
              -16.336331,
              28.4572819
            ],
            [
              -16.3362169,
              28.4572696
            ],
            [
              -16.336145,
              28.4572366
            ],
            [
              -16.3360903,
              28.4571871
            ],
            [
              -16.3354886,
              28.4568698
            ],
            [
              -16.3353683,
              28.4567777
            ],
            [
              -16.335298,
              28.456698
            ],
            [
              -16.3352777,
              28.4566334
            ],
            [
              -16.3352636,
              28.4565386
            ],
            [
              -16.3352683,
              28.4564026
            ],
            [
              -16.3352214,
              28.4562391
            ],
            [
              -16.3348667,
              28.4560207
            ],
            [
              -16.3347885,
              28.4559987
            ],
            [
              -16.3345697,
              28.4559849
            ],
            [
              -16.3344994,
              28.4559616
            ],
            [
              -16.334165,
              28.4556483
            ],
            [
              -16.3339149,
              28.4554903
            ],
            [
              -16.3336665,
              28.4553859
            ],
            [
              -16.333268,
              28.4552925
            ],
            [
              -16.3330836,
              28.4552773
            ],
            [
              -16.3328273,
              28.4553447
            ],
            [
              -16.3325803,
              28.4554395
            ],
            [
              -16.3324319,
              28.455445
            ],
            [
              -16.3318896,
              28.4554051
            ],
            [
              -16.3316099,
              28.4554038
            ],
            [
              -16.3314223,
              28.4553515
            ],
            [
              -16.3311582,
              28.4551592
            ],
            [
              -16.3309379,
              28.4551207
            ],
            [
              -16.3308035,
              28.4550658
            ],
            [
              -16.3307347,
              28.4550328
            ],
            [
              -16.3305988,
              28.4549215
            ],
            [
              -16.330496,
              28.4548795
            ],
            [
              -16.3303675,
              28.4548253
            ],
            [
              -16.3301237,
              28.4547291
            ],
            [
              -16.3298736,
              28.4545904
            ],
            [
              -16.3297252,
              28.4544736
            ],
            [
              -16.3296549,
              28.4543939
            ],
            [
              -16.3295502,
              28.4542373
            ],
            [
              -16.3294611,
              28.4539336
            ],
            [
              -16.3289751,
              28.4536038
            ],
            [
              -16.328936,
              28.453509
            ],
            [
              -16.3289485,
              28.4534307
            ],
            [
              -16.3289891,
              28.4533648
            ],
            [
              -16.3290704,
              28.4532796
            ],
            [
              -16.3291251,
              28.4531147
            ],
            [
              -16.329136,
              28.4529691
            ],
            [
              -16.3289469,
              28.452833
            ],
            [
              -16.3287828,
              28.4527753
            ],
            [
              -16.3285187,
              28.4526214
            ],
            [
              -16.3283735,
              28.4524892
            ],
            [
              -16.328014,
              28.4522175
            ],
            [
              -16.3278014,
              28.4520389
            ],
            [
              -16.3275436,
              28.4519427
            ],
            [
              -16.327456,
              28.451885
            ],
            [
              -16.3273998,
              28.4518273
            ],
            [
              -16.3273654,
              28.4517297
            ],
            [
              -16.3273295,
              28.4514604
            ],
            [
              -16.3272154,
              28.45111
            ],
            [
              -16.327081,
              28.4508174
            ],
            [
              -16.3270518,
              28.4506751
            ],
            [
              -16.326968,
              28.450565
            ],
            [
              -16.3268704,
              28.450455
            ],
            [
              -16.3267908,
              28.450399
            ],
            [
              -16.3264737,
              28.4502824
            ],
            [
              -16.3263655,
              28.4502284
            ],
            [
              -16.3261619,
              28.4501659
            ],
            [
              -16.32599,
              28.4500875
            ],
            [
              -16.3256226,
              28.4499932
            ],
            [
              -16.3253181,
              28.4499774
            ],
            [
              -16.3249416,
              28.450108
            ],
            [
              -16.3248396,
              28.4500961
            ],
            [
              -16.3247121,
              28.4500381
            ],
            [
              -16.3246191,
              28.450013
            ],
            [
              -16.3243896,
              28.4500143
            ],
            [
              -16.3242936,
              28.4500381
            ],
            [
              -16.3241256,
              28.450133
            ],
            [
              -16.3240326,
              28.4501594
            ],
            [
              -16.3239261,
              28.4501647
            ],
            [
              -16.3235091,
              28.4501251
            ],
            [
              -16.3233316,
              28.4501535
            ],
            [
              -16.3232383,
              28.4501946
            ],
            [
              -16.3230686,
              28.4502981
            ],
            [
              -16.3230293,
              28.4503438
            ],
            [
              -16.3229477,
              28.4504855
            ],
            [
              -16.322916,
              28.4506764
            ],
            [
              -16.322889,
              28.4507331
            ],
            [
              -16.3228305,
              28.4507885
            ],
            [
              -16.322799,
              28.4507977
            ],
            [
              -16.3227,
              28.4508017
            ],
            [
              -16.322625,
              28.4507845
            ],
            [
              -16.3223205,
              28.4506078
            ],
            [
              -16.322223,
              28.4505814
            ],
            [
              -16.3220565,
              28.4505867
            ],
            [
              -16.321563,
              28.4508228
            ],
            [
              -16.321233,
              28.4510259
            ],
            [
              -16.3210335,
              28.4510944
            ],
            [
              -16.3207067,
              28.4511397
            ],
            [
              -16.3206525,
              28.4511472
            ],
            [
              -16.320516,
              28.4511327
            ],
            [
              -16.3202895,
              28.4509533
            ],
            [
              -16.3201137,
              28.4508208
            ],
            [
              -16.3198805,
              28.4507838
            ],
            [
              -16.3198265,
              28.4507548
            ],
            [
              -16.3197875,
              28.4507073
            ],
            [
              -16.3197193,
              28.4505825
            ],
            [
              -16.3193503,
              28.4504216
            ],
            [
              -16.3189513,
              28.4503583
            ],
            [
              -16.3186243,
              28.4503267
            ],
            [
              -16.3184353,
              28.4502845
            ],
            [
              -16.3172713,
              28.4501605
            ],
            [
              -16.3169533,
              28.4501631
            ],
            [
              -16.3167575,
              28.4502623
            ],
            [
              -16.3165663,
              28.4502765
            ],
            [
              -16.3161493,
              28.4502686
            ],
            [
              -16.3153693,
              28.4502238
            ],
            [
              -16.3152343,
              28.4502001
            ],
            [
              -16.3146493,
              28.4501869
            ],
            [
              -16.3145773,
              28.4501763
            ],
            [
              -16.3143853,
              28.4501051
            ],
            [
              -16.3141993,
              28.450055
            ],
            [
              -16.3140403,
              28.4499574
            ],
            [
              -16.3138513,
              28.4498756
            ],
            [
              -16.3135723,
              28.4496039
            ],
            [
              -16.3134553,
              28.4495565
            ],
            [
              -16.3132243,
              28.4495459
            ],
            [
              -16.3128013,
              28.4495538
            ],
            [
              -16.3124083,
              28.4494668
            ],
            [
              -16.3122733,
              28.4494694
            ],
            [
              -16.3120742,
              28.4495179
            ],
            [
              -16.3119158,
              28.4495082
            ],
            [
              -16.3118213,
              28.449441
            ],
            [
              -16.3117733,
              28.4493948
            ],
            [
              -16.3116233,
              28.4491416
            ],
            [
              -16.3115123,
              28.4489952
            ],
            [
              -16.3113623,
              28.448953
            ],
            [
              -16.3113098,
              28.44892
            ],
            [
              -16.311101,
              28.4486354
            ],
            [
              -16.3106457,
              28.4483672
            ],
            [
              -16.3104601,
              28.4482837
            ],
            [
              -16.3103008,
              28.4481061
            ],
            [
              -16.3102461,
              28.4479879
            ],
            [
              -16.3102274,
              28.4478615
            ],
            [
              -16.3096304,
              28.4475867
            ],
            [
              -16.309446,
              28.4475908
            ],
            [
              -16.30906,
              28.4475867
            ],
            [
              -16.3088725,
              28.4476183
            ],
            [
              -16.3088053,
              28.4476101
            ],
            [
              -16.3087693,
              28.4475867
            ],
            [
              -16.3087412,
              28.447529
            ],
            [
              -16.3086771,
              28.4471209
            ],
            [
              -16.3086537,
              28.4470659
            ],
            [
              -16.3085865,
              28.4469931
            ],
            [
              -16.308241,
              28.4470855
            ],
            [
              -16.3081503,
              28.4471936
            ],
            [
              -16.308004,
              28.4472347
            ],
            [
              -16.3078373,
              28.447155
            ],
            [
              -16.3075886,
              28.4469749
            ],
            [
              -16.3074219,
              28.4469055
            ],
            [
              -16.3070884,
              28.4470058
            ],
            [
              -16.3070065,
              28.4470701
            ],
            [
              -16.3069275,
              28.4471807
            ],
            [
              -16.3068397,
              28.4472579
            ],
            [
              -16.3066379,
              28.4473556
            ],
            [
              -16.3063629,
              28.4473402
            ],
            [
              -16.3063103,
              28.4473248
            ],
            [
              -16.3061757,
              28.4471961
            ],
            [
              -16.306006,
              28.4471576
            ],
            [
              -16.3058071,
              28.4471473
            ],
            [
              -16.3054151,
              28.4474045
            ],
            [
              -16.3051584,
              28.4474232
            ],
            [
              -16.3047131,
              28.4472776
            ],
            [
              -16.3041091,
              28.4469575
            ],
            [
              -16.3033892,
              28.4464992
            ],
            [
              -16.3030037,
              28.4462926
            ],
            [
              -16.3025649,
              28.4462617
            ],
            [
              -16.3023367,
              28.4461279
            ],
            [
              -16.302132,
              28.4461125
            ],
            [
              -16.3019799,
              28.4461845
            ],
            [
              -16.3017049,
              28.4461691
            ],
            [
              -16.3013597,
              28.4460456
            ],
            [
              -16.3009911,
              28.4460456
            ],
            [
              -16.2998998,
              28.4456149
            ],
            [
              -16.2998558,
              28.4455159
            ],
            [
              -16.2997852,
              28.445373
            ],
            [
              -16.2996701,
              28.4450451
            ],
            [
              -16.2995516,
              28.4448275
            ],
            [
              -16.2994244,
              28.4445945
            ],
            [
              -16.2992518,
              28.4444367
            ],
            [
              -16.2990322,
              28.4441976
            ],
            [
              -16.2989817,
              28.4439325
            ],
            [
              -16.2989851,
              28.443558
            ],
            [
              -16.2990712,
              28.4433633
            ],
            [
              -16.2993214,
              28.4430856
            ],
            [
              -16.299797,
              28.4428008
            ],
            [
              -16.3000554,
              28.4426133
            ],
            [
              -16.3001825,
              28.4423609
            ],
            [
              -16.3004285,
              28.4420183
            ],
            [
              -16.30065,
              28.4416902
            ],
            [
              -16.3008222,
              28.441171
            ],
            [
              -16.300527,
              28.4406337
            ],
            [
              -16.3004244,
              28.4404246
            ],
            [
              -16.3004392,
              28.4402594
            ],
            [
              -16.3007229,
              28.4400518
            ],
            [
              -16.3009247,
              28.4398585
            ],
            [
              -16.300978,
              28.4396025
            ],
            [
              -16.3009575,
              28.439278
            ],
            [
              -16.3006992,
              28.4389246
            ],
            [
              -16.3006787,
              28.4384162
            ],
            [
              -16.3005709,
              28.4381538
            ],
            [
              -16.3001832,
              28.4379724
            ],
            [
              -16.2998133,
              28.437802
            ],
            [
              -16.2994786,
              28.4375985
            ],
            [
              -16.2993392,
              28.4374934
            ],
            [
              -16.2992848,
              28.4374524
            ],
            [
              -16.2991641,
              28.4373374
            ],
            [
              -16.299103,
              28.4371302
            ],
            [
              -16.2990533,
              28.4369789
            ],
            [
              -16.2991037,
              28.4368837
            ],
            [
              -16.2992421,
              28.4368196
            ],
            [
              -16.2994258,
              28.4367731
            ],
            [
              -16.2995214,
              28.4367244
            ],
            [
              -16.2995466,
              28.4366248
            ],
            [
              -16.299456,
              28.4365009
            ],
            [
              -16.2994258,
              28.4363903
            ],
            [
              -16.2993327,
              28.4359455
            ],
            [
              -16.2993201,
              28.435722
            ],
            [
              -16.2992194,
              28.435576
            ],
            [
              -16.2991087,
              28.4354808
            ],
            [
              -16.2987589,
              28.4352883
            ],
            [
              -16.2986608,
              28.4351534
            ],
            [
              -16.2987237,
              28.434983
            ],
            [
              -16.2987136,
              28.4348325
            ],
            [
              -16.2986205,
              28.4347152
            ],
            [
              -16.2984393,
              28.4346533
            ],
            [
              -16.2982934,
              28.4346466
            ],
            [
              -16.2980845,
              28.4345537
            ],
            [
              -16.297962,
              28.4344586
            ],
            [
              -16.2979241,
              28.4343517
            ],
            [
              -16.2979782,
              28.4342495
            ],
            [
              -16.2979944,
              28.4341759
            ],
            [
              -16.2979052,
              28.4339264
            ],
            [
              -16.2977485,
              28.4337078
            ],
            [
              -16.2975999,
              28.4333966
            ],
            [
              -16.297554,
              28.4333562
            ],
            [
              -16.297319,
              28.4329761
            ],
            [
              -16.2970634,
              28.4328088
            ],
            [
              -16.2969002,
              28.4326433
            ],
            [
              -16.2968421,
              28.4325509
            ],
            [
              -16.2966346,
              28.4324536
            ],
            [
              -16.2965627,
              28.4323855
            ],
            [
              -16.2965129,
              28.4322541
            ],
            [
              -16.296535,
              28.4320303
            ],
            [
              -16.2964897,
              28.4319158
            ],
            [
              -16.2964688,
              28.4318088
            ],
            [
              -16.294168,
              28.431945
            ],
            [
              -16.2931585,
              28.4416532
            ],
            [
              -16.2928281,
              28.4435625
            ],
            [
              -16.2923893,
              28.4460987
            ],
            [
              -16.2921403,
              28.4475047
            ],
            [
              -16.2898971,
              28.4601682
            ],
            [
              -16.2892466,
              28.4606242
            ],
            [
              -16.2843387,
              28.4640647
            ],
            [
              -16.2821396,
              28.465841
            ],
            [
              -16.2821044,
              28.4664587
            ],
            [
              -16.2817615,
              28.4673157
            ],
            [
              -16.2813849,
              28.4682073
            ],
            [
              -16.2810115,
              28.4692077
            ],
            [
              -16.2793123,
              28.4734311
            ],
            [
              -16.2787423,
              28.4748291
            ],
            [
              -16.2779587,
              28.4768563
            ],
            [
              -16.2771492,
              28.4789508
            ],
            [
              -16.2761751,
              28.4815087
            ],
            [
              -16.2755629,
              28.4828949
            ],
            [
              -16.273307,
              28.488656
            ],
            [
              -16.2727481,
              28.4899454
            ],
            [
              -16.2723148,
              28.4902975
            ],
            [
              -16.2722716,
              28.4918201
            ],
            [
              -16.2722165,
              28.4921114
            ],
            [
              -16.2719763,
              28.492663
            ],
            [
              -16.2718742,
              28.4931011
            ],
            [
              -16.2717996,
              28.4939787
            ],
            [
              -16.2717362,
              28.4944654
            ],
            [
              -16.2716804,
              28.4948938
            ],
            [
              -16.2716629,
              28.4954932
            ],
            [
              -16.2714981,
              28.4959584
            ],
            [
              -16.2709317,
              28.4968984
            ],
            [
              -16.2702547,
              28.4984374
            ],
            [
              -16.2703318,
              28.4986775
            ],
            [
              -16.2704708,
              28.4991276
            ],
            [
              -16.2706025,
              28.4993431
            ],
            [
              -16.2707964,
              28.4994363
            ],
            [
              -16.2709098,
              28.4996067
            ],
            [
              -16.2713525,
              28.4998639
            ],
            [
              -16.2714989,
              28.5002434
            ],
            [
              -16.2714843,
              28.500417
            ],
            [
              -16.2714038,
              28.5007675
            ],
            [
              -16.2714221,
              28.5012916
            ],
            [
              -16.2715318,
              28.5017128
            ],
            [
              -16.2715794,
              28.5018896
            ],
            [
              -16.2716855,
              28.5019796
            ],
            [
              -16.2719928,
              28.5021822
            ],
            [
              -16.2721245,
              28.5022819
            ],
            [
              -16.2723002,
              28.5023269
            ],
            [
              -16.272538,
              28.5023044
            ],
            [
              -16.2732697,
              28.5026645
            ],
            [
              -16.2735624,
              28.5028317
            ],
            [
              -16.2736795,
              28.5029635
            ],
            [
              -16.2739027,
              28.5030246
            ],
            [
              -16.2742905,
              28.5034072
            ],
            [
              -16.2746564,
              28.5035712
            ],
            [
              -16.2747808,
              28.5036644
            ],
            [
              -16.2748759,
              28.5038284
            ],
            [
              -16.2749783,
              28.5039056
            ],
            [
              -16.2751466,
              28.5039634
            ],
            [
              -16.275454,
              28.5040438
            ],
            [
              -16.2757503,
              28.5040631
            ],
            [
              -16.2759369,
              28.5041017
            ],
            [
              -16.2761528,
              28.5041789
            ],
            [
              -16.2763138,
              28.5043621
            ],
            [
              -16.2763906,
              28.5046001
            ],
            [
              -16.2764272,
              28.5047255
            ],
            [
              -16.2767601,
              28.5049859
            ],
            [
              -16.2770894,
              28.5051981
            ],
            [
              -16.2771772,
              28.5053331
            ],
            [
              -16.2773419,
              28.5056289
            ],
            [
              -16.2775724,
              28.5060276
            ],
            [
              -16.2777992,
              28.5063395
            ],
            [
              -16.2779931,
              28.5065581
            ],
            [
              -16.2781102,
              28.5066031
            ],
            [
              -16.2784432,
              28.5066224
            ],
            [
              -16.2787029,
              28.506706
            ],
            [
              -16.2791749,
              28.5070468
            ],
            [
              -16.2794493,
              28.5073169
            ],
            [
              -16.2797018,
              28.5076866
            ],
            [
              -16.2798518,
              28.5077799
            ],
            [
              -16.2801225,
              28.507812
            ],
            [
              -16.2802798,
              28.5078409
            ],
            [
              -16.2804555,
              28.5078602
            ],
            [
              -16.2807006,
              28.5079695
            ],
            [
              -16.280814,
              28.5080596
            ],
            [
              -16.2808469,
              28.50814
            ],
            [
              -16.2810335,
              28.5081785
            ],
            [
              -16.2811653,
              28.5082911
            ],
            [
              -16.2812384,
              28.5083939
            ],
            [
              -16.2813592,
              28.5084968
            ],
            [
              -16.2815897,
              28.5085225
            ],
            [
              -16.2821019,
              28.5086576
            ],
            [
              -16.2821531,
              28.5087669
            ],
            [
              -16.2819885,
              28.5089212
            ],
            [
              -16.2820104,
              28.5090948
            ],
            [
              -16.2823251,
              28.5091688
            ],
            [
              -16.2825958,
              28.5092202
            ],
            [
              -16.282819,
              28.5093392
            ],
            [
              -16.2830019,
              28.5093488
            ],
            [
              -16.2831739,
              28.5092459
            ],
            [
              -16.2834263,
              28.5093906
            ],
            [
              -16.2838105,
              28.5094003
            ],
            [
              -16.2838361,
              28.5095128
            ],
            [
              -16.2839825,
              28.509561
            ],
            [
              -16.2841252,
              28.5097346
            ],
            [
              -16.2847508,
              28.5098182
            ],
            [
              -16.2849264,
              28.5102715
            ],
            [
              -16.284963,
              28.5105995
            ],
            [
              -16.2851313,
              28.5107313
            ],
            [
              -16.2851752,
              28.510876
            ],
            [
              -16.2852557,
              28.5109885
            ],
            [
              -16.2853655,
              28.5115158
            ],
            [
              -16.2853216,
              28.5118887
            ],
            [
              -16.2853033,
              28.5122648
            ],
            [
              -16.2853269,
              28.5124962
            ],
            [
              -16.2853565,
              28.5127392
            ],
            [
              -16.2853762,
              28.5131253
            ],
            [
              -16.2854849,
              28.5134376
            ],
            [
              -16.2854947,
              28.5138324
            ],
            [
              -16.2855392,
              28.514097
            ],
            [
              -16.2855757,
              28.5144854
            ],
            [
              -16.2856553,
              28.5150319
            ],
            [
              -16.2857019,
              28.5154899
            ],
            [
              -16.2857146,
              28.5159442
            ],
            [
              -16.2858457,
              28.5162431
            ],
            [
              -16.2859604,
              28.5164543
            ],
            [
              -16.2859774,
              28.5166219
            ],
            [
              -16.2859137,
              28.5167557
            ],
            [
              -16.2858139,
              28.516908
            ],
            [
              -16.2856841,
              28.5170084
            ],
            [
              -16.2854932,
              28.5171539
            ],
            [
              -16.2854527,
              28.517233
            ],
            [
              -16.28542,
              28.5173211
            ],
            [
              -16.2853701,
              28.5173817
            ],
            [
              -16.2852972,
              28.5174373
            ],
            [
              -16.2851412,
              28.5179329
            ],
            [
              -16.2850883,
              28.5181246
            ],
            [
              -16.2849993,
              28.5183833
            ],
            [
              -16.2848891,
              28.5185676
            ],
            [
              -16.2847493,
              28.5187184
            ],
            [
              -16.2846413,
              28.518791
            ],
            [
              -16.284529,
              28.5189194
            ],
            [
              -16.2844421,
              28.519059
            ],
            [
              -16.2843829,
              28.5192475
            ],
            [
              -16.2843555,
              28.5194878
            ],
            [
              -16.2844275,
              28.5196702
            ],
            [
              -16.2847447,
              28.520009
            ],
            [
              -16.2824514,
              28.5240832
            ],
            [
              -16.2811591,
              28.52637
            ],
            [
              -16.2806437,
              28.5269755
            ],
            [
              -16.2803501,
              28.5273757
            ],
            [
              -16.2802662,
              28.5275547
            ],
            [
              -16.2801942,
              28.5278074
            ],
            [
              -16.2800864,
              28.528097
            ],
            [
              -16.2799425,
              28.5282971
            ],
            [
              -16.2798996,
              28.5283391
            ],
            [
              -16.2796789,
              28.5285551
            ],
            [
              -16.2798646,
              28.529308
            ],
            [
              -16.2800172,
              28.5302113
            ],
            [
              -16.2795647,
              28.531396
            ],
            [
              -16.2794209,
              28.5315855
            ],
            [
              -16.2792021,
              28.5320357
            ],
            [
              -16.2791961,
              28.5322253
            ],
            [
              -16.2791392,
              28.5324596
            ],
            [
              -16.2790703,
              28.5326175
            ],
            [
              -16.2789624,
              28.5328018
            ],
            [
              -16.2785802,
              28.532836
            ],
            [
              -16.2784289,
              28.5328337
            ],
            [
              -16.2782535,
              28.5328586
            ],
            [
              -16.2780229,
              28.5329022
            ],
            [
              -16.277545,
              28.5330107
            ],
            [
              -16.2772994,
              28.5330825
            ],
            [
              -16.2771976,
              28.533143
            ],
            [
              -16.2769968,
              28.5332654
            ],
            [
              -16.2767376,
              28.5333668
            ],
            [
              -16.2765669,
              28.5334457
            ],
            [
              -16.2755627,
              28.5340865
            ],
            [
              -16.274674,
              28.5346309
            ],
            [
              -16.27456,
              28.5346875
            ],
            [
              -16.274341,
              28.534761
            ],
            [
              -16.2742166,
              28.534792
            ],
            [
              -16.2737417,
              28.5348828
            ],
            [
              -16.2732279,
              28.5349775
            ],
            [
              -16.2727531,
              28.5350604
            ],
            [
              -16.2725988,
              28.5350933
            ],
            [
              -16.2725089,
              28.5351157
            ],
            [
              -16.2723387,
              28.5351203
            ],
            [
              -16.2722115,
              28.5351221
            ],
            [
              -16.2721377,
              28.5351228
            ],
            [
              -16.2717149,
              28.5351006
            ],
            [
              -16.2715898,
              28.5350756
            ],
            [
              -16.2711101,
              28.5349003
            ],
            [
              -16.2710155,
              28.5348777
            ],
            [
              -16.2709379,
              28.5348687
            ],
            [
              -16.2708586,
              28.5348698
            ],
            [
              -16.2707953,
              28.5348796
            ],
            [
              -16.2706788,
              28.5349025
            ],
            [
              -16.2702723,
              28.5350004
            ],
            [
              -16.2701422,
              28.5350418
            ],
            [
              -16.2699854,
              28.5351166
            ],
            [
              -16.269639,
              28.5352846
            ],
            [
              -16.2693595,
              28.5356005
            ],
            [
              -16.2691879,
              28.535876
            ],
            [
              -16.2690354,
              28.5362557
            ],
            [
              -16.2689718,
              28.5365655
            ],
            [
              -16.2698121,
              28.5371128
            ],
            [
              -16.2701127,
              28.537369
            ],
            [
              -16.2697396,
              28.5382334
            ],
            [
              -16.2695729,
              28.5387236
            ],
            [
              -16.269016,
              28.5402479
            ],
            [
              -16.2677657,
              28.5422159
            ],
            [
              -16.2677629,
              28.5423327
            ],
            [
              -16.2677317,
              28.5424538
            ],
            [
              -16.2676496,
              28.5425954
            ],
            [
              -16.2675054,
              28.5427669
            ],
            [
              -16.267412,
              28.5429557
            ],
            [
              -16.2673611,
              28.5430228
            ],
            [
              -16.2673314,
              28.5431108
            ],
            [
              -16.2672958,
              28.5432164
            ],
            [
              -16.2672631,
              28.5433134
            ],
            [
              -16.2672711,
              28.5437158
            ],
            [
              -16.2672891,
              28.5438177
            ],
            [
              -16.2673431,
              28.543946
            ],
            [
              -16.2674171,
              28.5440567
            ],
            [
              -16.2675432,
              28.5441779
            ],
            [
              -16.2676332,
              28.5443097
            ],
            [
              -16.2678747,
              28.5445067
            ],
            [
              -16.2681038,
              28.5447117
            ],
            [
              -16.2682099,
              28.5447738
            ],
            [
              -16.2682566,
              28.5448235
            ],
            [
              -16.2683146,
              28.5448521
            ],
            [
              -16.2683881,
              28.5449652
            ],
            [
              -16.2684956,
              28.5450671
            ],
            [
              -16.2685295,
              28.5451441
            ],
            [
              -16.2685875,
              28.545205
            ],
            [
              -16.2686724,
              28.545323
            ],
            [
              -16.2687827,
              28.5455392
            ],
            [
              -16.268869,
              28.5456572
            ],
            [
              -16.2688902,
              28.5457106
            ],
            [
              -16.268913,
              28.5459057
            ],
            [
              -16.2689357,
              28.5459877
            ],
            [
              -16.2689611,
              28.5460622
            ],
            [
              -16.2690092,
              28.5461268
            ],
            [
              -16.2690432,
              28.5462362
            ],
            [
              -16.2690686,
              28.546266
            ],
            [
              -16.2690799,
              28.5463057
            ],
            [
              -16.2690714,
              28.5463927
            ],
            [
              -16.2690799,
              28.5465411
            ],
            [
              -16.2691239,
              28.5466412
            ],
            [
              -16.2692619,
              28.5467958
            ],
            [
              -16.2692939,
              28.5468415
            ],
            [
              -16.2693303,
              28.5469426
            ],
            [
              -16.2693813,
              28.5469998
            ],
            [
              -16.2694548,
              28.5470345
            ],
            [
              -16.2695114,
              28.5470867
            ],
            [
              -16.269551,
              28.5470917
            ],
            [
              -16.2696217,
              28.5471364
            ],
            [
              -16.2696839,
              28.5471886
            ],
            [
              -16.269766,
              28.5472781
            ],
            [
              -16.2698021,
              28.5474849
            ],
            [
              -16.2697801,
              28.5476289
            ],
            [
              -16.2696981,
              28.5477238
            ],
            [
              -16.2695941,
              28.5478222
            ],
            [
              -16.2695401,
              28.5479259
            ],
            [
              -16.2695501,
              28.5480225
            ],
            [
              -16.2696081,
              28.5481438
            ],
            [
              -16.2696969,
              28.5482555
            ],
            [
              -16.2697648,
              28.5482928
            ],
            [
              -16.2699572,
              28.5484941
            ],
            [
              -16.2700647,
              28.5486556
            ],
            [
              -16.2700873,
              28.5487276
            ],
            [
              -16.2701269,
              28.5487947
            ],
            [
              -16.2702542,
              28.5488991
            ],
            [
              -16.270511,
              28.5490694
            ],
            [
              -16.270589,
              28.5491555
            ],
            [
              -16.2707131,
              28.549231
            ],
            [
              -16.2708491,
              28.5493488
            ],
            [
              -16.2708791,
              28.5493927
            ],
            [
              -16.2710471,
              28.5495438
            ],
            [
              -16.2710531,
              28.5495772
            ],
            [
              -16.2710711,
              28.5495983
            ],
            [
              -16.2710771,
              28.5496861
            ],
            [
              -16.2710551,
              28.5497388
            ],
            [
              -16.2709691,
              28.5498249
            ],
            [
              -16.2709091,
              28.5498495
            ],
            [
              -16.2708451,
              28.5498618
            ],
            [
              -16.2707831,
              28.5498495
            ],
            [
              -16.2706232,
              28.5498666
            ],
            [
              -16.2705052,
              28.5499176
            ],
            [
              -16.2704159,
              28.5499853
            ],
            [
              -16.2703855,
              28.5500312
            ],
            [
              -16.2703673,
              28.5501273
            ],
            [
              -16.2703879,
              28.550171
            ],
            [
              -16.2704122,
              28.5501945
            ],
            [
              -16.2704608,
              28.550218
            ],
            [
              -16.2705075,
              28.5502671
            ],
            [
              -16.2705316,
              28.5504522
            ],
            [
              -16.2705288,
              28.550492
            ],
            [
              -16.2705322,
              28.5506152
            ],
            [
              -16.2705631,
              28.5507604
            ],
            [
              -16.2705929,
              28.5509019
            ],
            [
              -16.2705912,
              28.5510286
            ],
            [
              -16.2706306,
              28.5511957
            ],
            [
              -16.270724,
              28.5512533
            ],
            [
              -16.2708339,
              28.5512864
            ],
            [
              -16.2710486,
              28.5513051
            ],
            [
              -16.2711503,
              28.5513829
            ],
            [
              -16.2712172,
              28.5515122
            ],
            [
              -16.2712608,
              28.5516859
            ],
            [
              -16.2712608,
              28.5517448
            ],
            [
              -16.2712473,
              28.5518037
            ],
            [
              -16.2711937,
              28.5519068
            ],
            [
              -16.271187,
              28.5520216
            ],
            [
              -16.2712406,
              28.5521954
            ],
            [
              -16.2712473,
              28.5524368
            ],
            [
              -16.2711602,
              28.5526577
            ],
            [
              -16.27113,
              28.5527696
            ],
            [
              -16.27113,
              28.5528285
            ],
            [
              -16.2712641,
              28.5530023
            ],
            [
              -16.2712809,
              28.5531171
            ],
            [
              -16.2712071,
              28.5532879
            ],
            [
              -16.2711602,
              28.5533262
            ],
            [
              -16.2710495,
              28.5533674
            ],
            [
              -16.2707981,
              28.553388
            ],
            [
              -16.2707411,
              28.5533792
            ],
            [
              -16.2705936,
              28.5532143
            ],
            [
              -16.2705064,
              28.5530788
            ],
            [
              -16.2703924,
              28.5530582
            ],
            [
              -16.2702751,
              28.5530759
            ],
            [
              -16.2699901,
              28.5531819
            ],
            [
              -16.2698929,
              28.5532496
            ],
            [
              -16.2698795,
              28.5533674
            ],
            [
              -16.269903,
              28.5536089
            ],
            [
              -16.2698191,
              28.5538297
            ],
            [
              -16.2697655,
              28.5540447
            ],
            [
              -16.2698124,
              28.5542891
            ],
            [
              -16.2698191,
              28.5544069
            ],
            [
              -16.2697756,
              28.5545159
            ],
            [
              -16.2696985,
              28.5546131
            ],
            [
              -16.269675,
              28.554672
            ],
            [
              -16.2695442,
              28.5548663
            ],
            [
              -16.2694973,
              28.5550312
            ],
            [
              -16.2695342,
              28.555205
            ],
            [
              -16.2695275,
              28.5552639
            ],
            [
              -16.2694906,
              28.555308
            ],
            [
              -16.2694369,
              28.5553316
            ],
            [
              -16.2692258,
              28.5553899
            ],
            [
              -16.2691754,
              28.5554965
            ],
            [
              -16.2691788,
              28.5555554
            ],
            [
              -16.2692425,
              28.5556702
            ],
            [
              -16.2692861,
              28.5557144
            ],
            [
              -16.2694638,
              28.5558086
            ],
            [
              -16.2695912,
              28.555841
            ],
            [
              -16.2697286,
              28.5558528
            ],
            [
              -16.2698594,
              28.555844
            ],
            [
              -16.2699231,
              28.5558293
            ],
            [
              -16.2701511,
              28.5557232
            ],
            [
              -16.2703522,
              28.5556938
            ],
            [
              -16.270493,
              28.5556938
            ],
            [
              -16.2705567,
              28.5557085
            ],
            [
              -16.2706137,
              28.5557409
            ],
            [
              -16.2706741,
              28.5558057
            ],
            [
              -16.2707076,
              28.5558558
            ],
            [
              -16.2707176,
              28.5559147
            ],
            [
              -16.2707076,
              28.5560913
            ],
            [
              -16.2706506,
              28.5561944
            ],
            [
              -16.2704763,
              28.5563623
            ],
            [
              -16.2703857,
              28.5565183
            ],
            [
              -16.2703723,
              28.5568776
            ],
            [
              -16.2703455,
              28.5570513
            ],
            [
              -16.2704092,
              28.5570778
            ],
            [
              -16.2706707,
              28.5570366
            ],
            [
              -16.2708819,
              28.5570395
            ],
            [
              -16.2711132,
              28.5572751
            ],
            [
              -16.2711635,
              28.5575077
            ],
            [
              -16.2711635,
              28.5576255
            ],
            [
              -16.2710864,
              28.5577139
            ],
            [
              -16.2709825,
              28.5577728
            ],
            [
              -16.2706774,
              28.5578346
            ],
            [
              -16.270369,
              28.5578729
            ],
            [
              -16.270312,
              28.5578935
            ],
            [
              -16.2702717,
              28.5579347
            ],
            [
              -16.2702751,
              28.5580555
            ],
            [
              -16.2702986,
              28.5581114
            ],
            [
              -16.2704362,
              28.5583184
            ],
            [
              -16.2705936,
              28.5585207
            ],
            [
              -16.2706942,
              28.5586091
            ],
            [
              -16.2707545,
              28.5586356
            ],
            [
              -16.270892,
              28.5586503
            ],
            [
              -16.2713882,
              28.5586091
            ],
            [
              -16.2715927,
              28.558612
            ],
            [
              -16.2717737,
              28.5586945
            ],
            [
              -16.2718508,
              28.5587887
            ],
            [
              -16.2718508,
              28.5588888
            ],
            [
              -16.2718173,
              28.5589389
            ],
            [
              -16.2717804,
              28.5591656
            ],
            [
              -16.2717603,
              28.5592186
            ],
            [
              -16.2717167,
              28.5592628
            ],
            [
              -16.2714988,
              28.5593658
            ],
            [
              -16.2714183,
              28.5594512
            ],
            [
              -16.2713647,
              28.559622
            ],
            [
              -16.271368,
              28.5596809
            ],
            [
              -16.2714016,
              28.559731
            ],
            [
              -16.2715591,
              28.5598399
            ],
            [
              -16.2718475,
              28.55989
            ],
            [
              -16.2723671,
              28.5598046
            ],
            [
              -16.2724342,
              28.5598046
            ],
            [
              -16.2725582,
              28.5598458
            ],
            [
              -16.2727225,
              28.5599577
            ],
            [
              -16.2727627,
              28.5600078
            ],
            [
              -16.2728432,
              28.5601756
            ],
            [
              -16.2729806,
              28.5602316
            ],
            [
              -16.2730276,
              28.5602728
            ],
            [
              -16.2731784,
              28.560476
            ],
            [
              -16.2732152,
              28.5605425
            ],
            [
              -16.2733561,
              28.5607969
            ],
            [
              -16.2733964,
              28.5609707
            ],
            [
              -16.2733762,
              28.5610237
            ],
            [
              -16.2733058,
              28.5611208
            ],
            [
              -16.2729957,
              28.5611785
            ],
            [
              -16.2726906,
              28.5611785
            ],
            [
              -16.2725166,
              28.5612365
            ],
            [
              -16.2724787,
              28.5613364
            ],
            [
              -16.2725119,
              28.5617237
            ],
            [
              -16.2724739,
              28.5618944
            ],
            [
              -16.2723459,
              28.5620569
            ],
            [
              -16.2721183,
              28.5621485
            ],
            [
              -16.2718765,
              28.5621651
            ],
            [
              -16.2716205,
              28.5622567
            ],
            [
              -16.2715636,
              28.562315
            ],
            [
              -16.2715446,
              28.5624816
            ],
            [
              -16.2715636,
              28.5625649
            ],
            [
              -16.2716537,
              28.5625982
            ],
            [
              -16.2718101,
              28.5627606
            ],
            [
              -16.2718433,
              28.5628397
            ],
            [
              -16.2718623,
              28.5630063
            ],
            [
              -16.2718481,
              28.5631687
            ],
            [
              -16.271886,
              28.563252
            ],
            [
              -16.2719951,
              28.5633103
            ],
            [
              -16.2720662,
              28.5633728
            ],
            [
              -16.272161,
              28.5633852
            ],
            [
              -16.2722558,
              28.5633603
            ],
            [
              -16.2724028,
              28.5632603
            ],
            [
              -16.2724881,
              28.5632312
            ],
            [
              -16.2725925,
              28.5632437
            ],
            [
              -16.2728532,
              28.5635018
            ],
            [
              -16.2730049,
              28.5636059
            ],
            [
              -16.273095,
              28.5636268
            ],
            [
              -16.2731424,
              28.5635643
            ],
            [
              -16.273133,
              28.5634935
            ],
            [
              -16.2732136,
              28.5634227
            ],
            [
              -16.273223,
              28.5633478
            ],
            [
              -16.2733653,
              28.5630729
            ],
            [
              -16.2735265,
              28.5628855
            ],
            [
              -16.2736687,
              28.5628481
            ],
            [
              -16.2737636,
              28.5628439
            ],
            [
              -16.2738347,
              28.562898
            ],
            [
              -16.2738631,
              28.5630646
            ],
            [
              -16.2738584,
              28.5631479
            ],
            [
              -16.2737588,
              28.5634602
            ],
            [
              -16.2736403,
              28.5636726
            ],
            [
              -16.2736166,
              28.5637559
            ],
            [
              -16.2736166,
              28.5638391
            ],
            [
              -16.2736877,
              28.5638933
            ],
            [
              -16.273773,
              28.5639308
            ],
            [
              -16.2738347,
              28.5639932
            ],
            [
              -16.2738347,
              28.5640765
            ],
            [
              -16.2738062,
              28.5641515
            ],
            [
              -16.2737398,
              28.5642014
            ],
            [
              -16.2737067,
              28.5642764
            ],
            [
              -16.2737398,
              28.5643555
            ],
            [
              -16.2737256,
              28.5644346
            ],
            [
              -16.2736071,
              28.5645471
            ],
            [
              -16.2735549,
              28.5646137
            ],
            [
              -16.2735217,
              28.5646928
            ],
            [
              -16.2735312,
              28.5647761
            ],
            [
              -16.2735739,
              28.564851
            ],
            [
              -16.2736261,
              28.5649218
            ],
            [
              -16.2738513,
              28.5651425
            ],
            [
              -16.2738536,
              28.5651842
            ],
            [
              -16.2738228,
              28.5652133
            ],
            [
              -16.2737422,
              28.5652466
            ],
            [
              -16.2737138,
              28.5652779
            ],
            [
              -16.2737351,
              28.5653153
            ],
            [
              -16.2737256,
              28.5653549
            ],
            [
              -16.2736095,
              28.5654111
            ],
            [
              -16.2735241,
              28.5654236
            ],
            [
              -16.2734008,
              28.5654028
            ],
            [
              -16.2733487,
              28.5653487
            ],
            [
              -16.2733202,
              28.5652445
            ],
            [
              -16.2732468,
              28.5652092
            ],
            [
              -16.2731211,
              28.5652029
            ],
            [
              -16.2730287,
              28.5651363
            ],
            [
              -16.2728603,
              28.5651613
            ],
            [
              -16.2728248,
              28.5651883
            ],
            [
              -16.2727062,
              28.5652321
            ],
            [
              -16.2726873,
              28.5652674
            ],
            [
              -16.2726328,
              28.5654694
            ],
            [
              -16.2726517,
              28.5655485
            ],
            [
              -16.2727489,
              28.5656464
            ],
            [
              -16.2728414,
              28.5656797
            ],
            [
              -16.2731259,
              28.5657172
            ],
            [
              -16.2733084,
              28.5657713
            ],
            [
              -16.2733663,
              28.5658521
            ],
            [
              -16.2734975,
              28.5659055
            ],
            [
              -16.2736094,
              28.5659887
            ],
            [
              -16.2736312,
              28.5660272
            ],
            [
              -16.2736288,
              28.5660741
            ],
            [
              -16.2735996,
              28.5661553
            ],
            [
              -16.273534,
              28.5662449
            ],
            [
              -16.2732301,
              28.5664179
            ],
            [
              -16.2731377,
              28.5665481
            ],
            [
              -16.2730721,
              28.5666058
            ],
            [
              -16.2730259,
              28.5666762
            ],
            [
              -16.2729102,
              28.5669456
            ],
            [
              -16.2728169,
              28.567163
            ],
            [
              -16.2727609,
              28.5672335
            ],
            [
              -16.2725762,
              28.5673509
            ],
            [
              -16.272564,
              28.567432
            ],
            [
              -16.2725835,
              28.5674705
            ],
            [
              -16.2726856,
              28.5675473
            ],
            [
              -16.2727512,
              28.5676178
            ],
            [
              -16.2728801,
              28.5678291
            ],
            [
              -16.2728874,
              28.5678719
            ],
            [
              -16.2728266,
              28.5679829
            ],
            [
              -16.272812,
              28.5681088
            ],
            [
              -16.2728241,
              28.5681558
            ],
            [
              -16.2728825,
              28.5682241
            ],
            [
              -16.2728946,
              28.5683949
            ],
            [
              -16.2730016,
              28.5685551
            ],
            [
              -16.2730211,
              28.5686405
            ],
            [
              -16.2730502,
              28.5686768
            ],
            [
              -16.2731329,
              28.5687216
            ],
            [
              -16.2732885,
              28.5687451
            ],
            [
              -16.2733857,
              28.5687451
            ],
            [
              -16.2736045,
              28.5686746
            ],
            [
              -16.273957,
              28.5687494
            ],
            [
              -16.2739983,
              28.5687728
            ],
            [
              -16.2740445,
              28.5688945
            ],
            [
              -16.2740202,
              28.5689735
            ],
            [
              -16.2740178,
              28.5690589
            ],
            [
              -16.274064,
              28.5692212
            ],
            [
              -16.2740324,
              28.5692981
            ],
            [
              -16.2739935,
              28.5693237
            ],
            [
              -16.2737844,
              28.5693984
            ],
            [
              -16.2736945,
              28.5694817
            ],
            [
              -16.2737115,
              28.5696076
            ],
            [
              -16.2737722,
              28.5696781
            ],
            [
              -16.2738233,
              28.5696973
            ],
            [
              -16.273923,
              28.5696994
            ],
            [
              -16.2741563,
              28.5696375
            ],
            [
              -16.2743241,
              28.5696311
            ],
            [
              -16.274521,
              28.5696503
            ],
            [
              -16.2746596,
              28.5696909
            ],
            [
              -16.2748613,
              28.569693
            ],
            [
              -16.2749075,
              28.5697037
            ],
            [
              -16.2749391,
              28.5697379
            ],
            [
              -16.2749634,
              28.5698959
            ],
            [
              -16.2748929,
              28.5700517
            ],
            [
              -16.274803,
              28.5701435
            ],
            [
              -16.2746961,
              28.5703295
            ],
            [
              -16.2745022,
              28.570441
            ],
            [
              -16.2744211,
              28.5705401
            ],
            [
              -16.2744105,
              28.5706345
            ],
            [
              -16.274511,
              28.5707506
            ],
            [
              -16.2745339,
              28.5708404
            ],
            [
              -16.2744863,
              28.5708868
            ],
            [
              -16.2742519,
              28.5709704
            ],
            [
              -16.2741426,
              28.5710324
            ],
            [
              -16.2740932,
              28.5710695
            ],
            [
              -16.2740545,
              28.5711253
            ],
            [
              -16.2740404,
              28.5711872
            ],
            [
              -16.2740227,
              28.5713079
            ],
            [
              -16.2740368,
              28.5714906
            ],
            [
              -16.2741285,
              28.5715897
            ],
            [
              -16.2742378,
              28.5718281
            ],
            [
              -16.2743964,
              28.5720386
            ],
            [
              -16.2744367,
              28.5721573
            ],
            [
              -16.2744919,
              28.5721314
            ],
            [
              -16.2745929,
              28.5721972
            ],
            [
              -16.2746787,
              28.5721825
            ],
            [
              -16.274887,
              28.5720161
            ],
            [
              -16.2752707,
              28.5719656
            ],
            [
              -16.2756343,
              28.5720196
            ],
            [
              -16.2759611,
              28.5721263
            ],
            [
              -16.2759862,
              28.5723017
            ],
            [
              -16.2760356,
              28.5722974
            ],
            [
              -16.2763215,
              28.5719797
            ],
            [
              -16.2763195,
              28.5718957
            ],
            [
              -16.276134,
              28.5717355
            ],
            [
              -16.2762175,
              28.571605
            ],
            [
              -16.2765625,
              28.5714125
            ],
            [
              -16.2768474,
              28.5713685
            ],
            [
              -16.2769814,
              28.5713064
            ],
            [
              -16.2774213,
              28.5712627
            ],
            [
              -16.2777659,
              28.5712993
            ],
            [
              -16.2779004,
              28.5713364
            ],
            [
              -16.2781957,
              28.5715282
            ],
            [
              -16.2784752,
              28.5716074
            ],
            [
              -16.2786033,
              28.5718281
            ],
            [
              -16.2785086,
              28.5719472
            ],
            [
              -16.278501,
              28.572034
            ],
            [
              -16.2786481,
              28.5720719
            ],
            [
              -16.2789455,
              28.5719926
            ],
            [
              -16.2789706,
              28.5721283
            ],
            [
              -16.2789159,
              28.5721819
            ],
            [
              -16.2789333,
              28.5722515
            ],
            [
              -16.279051,
              28.5723593
            ],
            [
              -16.2791286,
              28.5722854
            ],
            [
              -16.2793167,
              28.5724574
            ],
            [
              -16.2794533,
              28.5724787
            ],
            [
              -16.2795178,
              28.5725411
            ],
            [
              -16.2796028,
              28.5727864
            ],
            [
              -16.2799671,
              28.5732012
            ],
            [
              -16.2801122,
              28.5731899
            ],
            [
              -16.2801443,
              28.5728708
            ],
            [
              -16.2802967,
              28.5730425
            ],
            [
              -16.2805176,
              28.572925
            ],
            [
              -16.2805296,
              28.5726548
            ],
            [
              -16.2805812,
              28.5726076
            ],
            [
              -16.2807821,
              28.5726197
            ],
            [
              -16.2808924,
              28.5729821
            ],
            [
              -16.281268,
              28.5733417
            ],
            [
              -16.2812261,
              28.5734872
            ],
            [
              -16.2810991,
              28.5736475
            ],
            [
              -16.2811497,
              28.5737102
            ],
            [
              -16.2810216,
              28.573811
            ],
            [
              -16.281027,
              28.5738624
            ],
            [
              -16.2811174,
              28.5739148
            ],
            [
              -16.2812966,
              28.5739234
            ],
            [
              -16.2814922,
              28.5737796
            ],
            [
              -16.281547,
              28.5738204
            ],
            [
              -16.2814912,
              28.5741437
            ],
            [
              -16.2814332,
              28.5742094
            ],
            [
              -16.2815581,
              28.5743388
            ],
            [
              -16.281698,
              28.5744245
            ],
            [
              -16.2821042,
              28.5745078
            ],
            [
              -16.2822409,
              28.5744558
            ],
            [
              -16.2823179,
              28.5744897
            ],
            [
              -16.2823245,
              28.5747797
            ],
            [
              -16.2822856,
              28.5748751
            ],
            [
              -16.2820724,
              28.5749496
            ],
            [
              -16.2820863,
              28.5751223
            ],
            [
              -16.2822727,
              28.5751943
            ],
            [
              -16.2823397,
              28.5751432
            ],
            [
              -16.2823088,
              28.5750131
            ],
            [
              -16.2823621,
              28.5749437
            ],
            [
              -16.2824339,
              28.5749432
            ],
            [
              -16.2825599,
              28.5750569
            ],
            [
              -16.2826205,
              28.5751942
            ],
            [
              -16.2826382,
              28.5755745
            ],
            [
              -16.2827373,
              28.5755991
            ],
            [
              -16.282935,
              28.5755545
            ],
            [
              -16.2832611,
              28.5758189
            ],
            [
              -16.2834017,
              28.5758804
            ],
            [
              -16.2835491,
              28.5758759
            ],
            [
              -16.2836648,
              28.5760638
            ],
            [
              -16.283653,
              28.576174
            ],
            [
              -16.2837065,
              28.5762008
            ],
            [
              -16.2838747,
              28.5761217
            ],
            [
              -16.2841516,
              28.5758529
            ],
            [
              -16.2839963,
              28.5756562
            ],
            [
              -16.2838804,
              28.5755895
            ],
            [
              -16.2838932,
              28.575553
            ],
            [
              -16.2843983,
              28.5756591
            ],
            [
              -16.2846757,
              28.576056
            ],
            [
              -16.2846947,
              28.5762986
            ],
            [
              -16.2846218,
              28.5764371
            ],
            [
              -16.2847793,
              28.5763908
            ],
            [
              -16.2850943,
              28.5764987
            ],
            [
              -16.2854646,
              28.5764889
            ],
            [
              -16.2855655,
              28.5764515
            ],
            [
              -16.2856035,
              28.5763493
            ],
            [
              -16.2858003,
              28.5762606
            ],
            [
              -16.2861413,
              28.5763152
            ],
            [
              -16.2864636,
              28.5760701
            ],
            [
              -16.2864458,
              28.5759553
            ],
            [
              -16.2860933,
              28.5758453
            ],
            [
              -16.2859095,
              28.5756617
            ],
            [
              -16.2858784,
              28.5755233
            ],
            [
              -16.2862742,
              28.5754985
            ],
            [
              -16.2863105,
              28.5754269
            ],
            [
              -16.2861722,
              28.5752443
            ],
            [
              -16.2860447,
              28.5751947
            ],
            [
              -16.2860154,
              28.5751054
            ],
            [
              -16.2857866,
              28.5749228
            ],
            [
              -16.2858832,
              28.5748495
            ],
            [
              -16.2861373,
              28.5748704
            ],
            [
              -16.2861701,
              28.574813
            ],
            [
              -16.2860191,
              28.5746152
            ],
            [
              -16.2860646,
              28.5744418
            ],
            [
              -16.2859194,
              28.5742155
            ],
            [
              -16.2859504,
              28.574095
            ],
            [
              -16.2862279,
              28.5738192
            ],
            [
              -16.2862592,
              28.5737307
            ],
            [
              -16.2863457,
              28.5732448
            ],
            [
              -16.2862937,
              28.5731185
            ],
            [
              -16.2863419,
              28.5730359
            ],
            [
              -16.2863212,
              28.5728882
            ],
            [
              -16.2864112,
              28.5726631
            ],
            [
              -16.2865062,
              28.5725549
            ],
            [
              -16.2868684,
              28.5724781
            ],
            [
              -16.2869428,
              28.5723711
            ],
            [
              -16.2869562,
              28.5721979
            ],
            [
              -16.2871018,
              28.5721748
            ],
            [
              -16.2872284,
              28.5722567
            ],
            [
              -16.2872929,
              28.5721254
            ],
            [
              -16.2874632,
              28.5720733
            ],
            [
              -16.2876626,
              28.571725
            ],
            [
              -16.2877002,
              28.5715641
            ],
            [
              -16.2880299,
              28.5711355
            ],
            [
              -16.2885795,
              28.5708373
            ],
            [
              -16.2890482,
              28.5708866
            ],
            [
              -16.2894599,
              28.5707994
            ],
            [
              -16.2895567,
              28.5706656
            ],
            [
              -16.2899129,
              28.5706079
            ],
            [
              -16.2900491,
              28.5704401
            ],
            [
              -16.2902528,
              28.5703381
            ],
            [
              -16.2905328,
              28.5703151
            ],
            [
              -16.2908841,
              28.5702089
            ],
            [
              -16.2913084,
              28.5701941
            ],
            [
              -16.2915499,
              28.5704907
            ],
            [
              -16.291703,
              28.5705426
            ],
            [
              -16.2918833,
              28.5704815
            ],
            [
              -16.2920754,
              28.5704936
            ],
            [
              -16.2920711,
              28.5706161
            ],
            [
              -16.2923071,
              28.570678
            ],
            [
              -16.2925898,
              28.5708522
            ],
            [
              -16.2926348,
              28.5708931
            ],
            [
              -16.2925416,
              28.571029
            ],
            [
              -16.2925614,
              28.5710772
            ],
            [
              -16.2926905,
              28.5712369
            ],
            [
              -16.292902,
              28.57134
            ],
            [
              -16.2929337,
              28.5713947
            ],
            [
              -16.2928806,
              28.5714969
            ],
            [
              -16.2930818,
              28.5716614
            ],
            [
              -16.2930459,
              28.5717463
            ],
            [
              -16.2930773,
              28.5717852
            ],
            [
              -16.2932448,
              28.5718621
            ],
            [
              -16.2934356,
              28.5718701
            ],
            [
              -16.2935867,
              28.5717495
            ],
            [
              -16.2935453,
              28.5716491
            ],
            [
              -16.293322,
              28.5716634
            ],
            [
              -16.2933451,
              28.5715666
            ],
            [
              -16.2934931,
              28.5713677
            ],
            [
              -16.2937503,
              28.5714514
            ],
            [
              -16.2937708,
              28.5714074
            ],
            [
              -16.2937633,
              28.57135
            ],
            [
              -16.2935087,
              28.5713106
            ],
            [
              -16.2940927,
              28.571222
            ],
            [
              -16.2942825,
              28.5712474
            ],
            [
              -16.2943623,
              28.5710613
            ],
            [
              -16.2942731,
              28.5710171
            ],
            [
              -16.2942576,
              28.5707631
            ],
            [
              -16.2944622,
              28.5707341
            ],
            [
              -16.2945973,
              28.5706116
            ],
            [
              -16.2946802,
              28.5705978
            ],
            [
              -16.2947119,
              28.5705284
            ],
            [
              -16.2946776,
              28.5703993
            ],
            [
              -16.2945048,
              28.5701188
            ],
            [
              -16.2946425,
              28.5698696
            ],
            [
              -16.2947507,
              28.569787
            ],
            [
              -16.2949756,
              28.5697107
            ],
            [
              -16.2952032,
              28.5697088
            ],
            [
              -16.2952351,
              28.5697566
            ],
            [
              -16.2956891,
              28.5693829
            ],
            [
              -16.2963852,
              28.5691259
            ],
            [
              -16.2966664,
              28.5692546
            ],
            [
              -16.2968111,
              28.5692359
            ],
            [
              -16.2969138,
              28.5691698
            ],
            [
              -16.2973923,
              28.5690914
            ],
            [
              -16.2976632,
              28.5692548
            ],
            [
              -16.2979853,
              28.5695244
            ]
          ]
        ]
      }
    },
    {
      "type": "Feature",
      "id": "santa-cruz-de-tenerife",
      "properties": {
        "name": "Santa Cruz de Tenerife",
        "province": "Santa Cruz de Tenerife",
        "autonomousCommunity": "Canarias",
        "osmRelationId": 340727,
        "source": "OpenStreetMap contributors, via Overpass API"
      },
      "geometry": {
        "type": "Polygon",
        "coordinates": [
          [
            [
              -16.2677657,
              28.5422159
            ],
            [
              -16.269016,
              28.5402479
            ],
            [
              -16.2695729,
              28.5387236
            ],
            [
              -16.2697396,
              28.5382334
            ],
            [
              -16.2701127,
              28.537369
            ],
            [
              -16.2698121,
              28.5371128
            ],
            [
              -16.2689718,
              28.5365655
            ],
            [
              -16.2690354,
              28.5362557
            ],
            [
              -16.2691879,
              28.535876
            ],
            [
              -16.2693595,
              28.5356005
            ],
            [
              -16.269639,
              28.5352846
            ],
            [
              -16.2699854,
              28.5351166
            ],
            [
              -16.2701422,
              28.5350418
            ],
            [
              -16.2702723,
              28.5350004
            ],
            [
              -16.2706788,
              28.5349025
            ],
            [
              -16.2707953,
              28.5348796
            ],
            [
              -16.2708586,
              28.5348698
            ],
            [
              -16.2709379,
              28.5348687
            ],
            [
              -16.2710155,
              28.5348777
            ],
            [
              -16.2711101,
              28.5349003
            ],
            [
              -16.2715898,
              28.5350756
            ],
            [
              -16.2717149,
              28.5351006
            ],
            [
              -16.2721377,
              28.5351228
            ],
            [
              -16.2722115,
              28.5351221
            ],
            [
              -16.2723387,
              28.5351203
            ],
            [
              -16.2725089,
              28.5351157
            ],
            [
              -16.2725988,
              28.5350933
            ],
            [
              -16.2727531,
              28.5350604
            ],
            [
              -16.2732279,
              28.5349775
            ],
            [
              -16.2737417,
              28.5348828
            ],
            [
              -16.2742166,
              28.534792
            ],
            [
              -16.274341,
              28.534761
            ],
            [
              -16.27456,
              28.5346875
            ],
            [
              -16.274674,
              28.5346309
            ],
            [
              -16.2755627,
              28.5340865
            ],
            [
              -16.2765669,
              28.5334457
            ],
            [
              -16.2767376,
              28.5333668
            ],
            [
              -16.2769968,
              28.5332654
            ],
            [
              -16.2771976,
              28.533143
            ],
            [
              -16.2772994,
              28.5330825
            ],
            [
              -16.277545,
              28.5330107
            ],
            [
              -16.2780229,
              28.5329022
            ],
            [
              -16.2782535,
              28.5328586
            ],
            [
              -16.2784289,
              28.5328337
            ],
            [
              -16.2785802,
              28.532836
            ],
            [
              -16.2789624,
              28.5328018
            ],
            [
              -16.2790703,
              28.5326175
            ],
            [
              -16.2791392,
              28.5324596
            ],
            [
              -16.2791961,
              28.5322253
            ],
            [
              -16.2792021,
              28.5320357
            ],
            [
              -16.2794209,
              28.5315855
            ],
            [
              -16.2795647,
              28.531396
            ],
            [
              -16.2800172,
              28.5302113
            ],
            [
              -16.2798646,
              28.529308
            ],
            [
              -16.2796789,
              28.5285551
            ],
            [
              -16.2798996,
              28.5283391
            ],
            [
              -16.2799425,
              28.5282971
            ],
            [
              -16.2800864,
              28.528097
            ],
            [
              -16.2801942,
              28.5278074
            ],
            [
              -16.2802662,
              28.5275547
            ],
            [
              -16.2803501,
              28.5273757
            ],
            [
              -16.2806437,
              28.5269755
            ],
            [
              -16.2811591,
              28.52637
            ],
            [
              -16.2824514,
              28.5240832
            ],
            [
              -16.2847447,
              28.520009
            ],
            [
              -16.2844275,
              28.5196702
            ],
            [
              -16.2843555,
              28.5194878
            ],
            [
              -16.2843829,
              28.5192475
            ],
            [
              -16.2844421,
              28.519059
            ],
            [
              -16.284529,
              28.5189194
            ],
            [
              -16.2846413,
              28.518791
            ],
            [
              -16.2847493,
              28.5187184
            ],
            [
              -16.2848891,
              28.5185676
            ],
            [
              -16.2849993,
              28.5183833
            ],
            [
              -16.2850883,
              28.5181246
            ],
            [
              -16.2851412,
              28.5179329
            ],
            [
              -16.2852972,
              28.5174373
            ],
            [
              -16.2853701,
              28.5173817
            ],
            [
              -16.28542,
              28.5173211
            ],
            [
              -16.2854527,
              28.517233
            ],
            [
              -16.2854932,
              28.5171539
            ],
            [
              -16.2856841,
              28.5170084
            ],
            [
              -16.2858139,
              28.516908
            ],
            [
              -16.2859137,
              28.5167557
            ],
            [
              -16.2859774,
              28.5166219
            ],
            [
              -16.2859604,
              28.5164543
            ],
            [
              -16.2858457,
              28.5162431
            ],
            [
              -16.2857146,
              28.5159442
            ],
            [
              -16.2857019,
              28.5154899
            ],
            [
              -16.2856553,
              28.5150319
            ],
            [
              -16.2855757,
              28.5144854
            ],
            [
              -16.2855392,
              28.514097
            ],
            [
              -16.2854947,
              28.5138324
            ],
            [
              -16.2854849,
              28.5134376
            ],
            [
              -16.2853762,
              28.5131253
            ],
            [
              -16.2853565,
              28.5127392
            ],
            [
              -16.2853269,
              28.5124962
            ],
            [
              -16.2853033,
              28.5122648
            ],
            [
              -16.2853216,
              28.5118887
            ],
            [
              -16.2853655,
              28.5115158
            ],
            [
              -16.2852557,
              28.5109885
            ],
            [
              -16.2851752,
              28.510876
            ],
            [
              -16.2851313,
              28.5107313
            ],
            [
              -16.284963,
              28.5105995
            ],
            [
              -16.2849264,
              28.5102715
            ],
            [
              -16.2847508,
              28.5098182
            ],
            [
              -16.2841252,
              28.5097346
            ],
            [
              -16.2839825,
              28.509561
            ],
            [
              -16.2838361,
              28.5095128
            ],
            [
              -16.2838105,
              28.5094003
            ],
            [
              -16.2834263,
              28.5093906
            ],
            [
              -16.2831739,
              28.5092459
            ],
            [
              -16.2830019,
              28.5093488
            ],
            [
              -16.282819,
              28.5093392
            ],
            [
              -16.2825958,
              28.5092202
            ],
            [
              -16.2823251,
              28.5091688
            ],
            [
              -16.2820104,
              28.5090948
            ],
            [
              -16.2819885,
              28.5089212
            ],
            [
              -16.2821531,
              28.5087669
            ],
            [
              -16.2821019,
              28.5086576
            ],
            [
              -16.2815897,
              28.5085225
            ],
            [
              -16.2813592,
              28.5084968
            ],
            [
              -16.2812384,
              28.5083939
            ],
            [
              -16.2811653,
              28.5082911
            ],
            [
              -16.2810335,
              28.5081785
            ],
            [
              -16.2808469,
              28.50814
            ],
            [
              -16.280814,
              28.5080596
            ],
            [
              -16.2807006,
              28.5079695
            ],
            [
              -16.2804555,
              28.5078602
            ],
            [
              -16.2802798,
              28.5078409
            ],
            [
              -16.2801225,
              28.507812
            ],
            [
              -16.2798518,
              28.5077799
            ],
            [
              -16.2797018,
              28.5076866
            ],
            [
              -16.2794493,
              28.5073169
            ],
            [
              -16.2791749,
              28.5070468
            ],
            [
              -16.2787029,
              28.506706
            ],
            [
              -16.2784432,
              28.5066224
            ],
            [
              -16.2781102,
              28.5066031
            ],
            [
              -16.2779931,
              28.5065581
            ],
            [
              -16.2777992,
              28.5063395
            ],
            [
              -16.2775724,
              28.5060276
            ],
            [
              -16.2773419,
              28.5056289
            ],
            [
              -16.2771772,
              28.5053331
            ],
            [
              -16.2770894,
              28.5051981
            ],
            [
              -16.2767601,
              28.5049859
            ],
            [
              -16.2764272,
              28.5047255
            ],
            [
              -16.2763906,
              28.5046001
            ],
            [
              -16.2763138,
              28.5043621
            ],
            [
              -16.2761528,
              28.5041789
            ],
            [
              -16.2759369,
              28.5041017
            ],
            [
              -16.2757503,
              28.5040631
            ],
            [
              -16.275454,
              28.5040438
            ],
            [
              -16.2751466,
              28.5039634
            ],
            [
              -16.2749783,
              28.5039056
            ],
            [
              -16.2748759,
              28.5038284
            ],
            [
              -16.2747808,
              28.5036644
            ],
            [
              -16.2746564,
              28.5035712
            ],
            [
              -16.2742905,
              28.5034072
            ],
            [
              -16.2739027,
              28.5030246
            ],
            [
              -16.2736795,
              28.5029635
            ],
            [
              -16.2735624,
              28.5028317
            ],
            [
              -16.2732697,
              28.5026645
            ],
            [
              -16.272538,
              28.5023044
            ],
            [
              -16.2723002,
              28.5023269
            ],
            [
              -16.2721245,
              28.5022819
            ],
            [
              -16.2719928,
              28.5021822
            ],
            [
              -16.2716855,
              28.5019796
            ],
            [
              -16.2715794,
              28.5018896
            ],
            [
              -16.2715318,
              28.5017128
            ],
            [
              -16.2714221,
              28.5012916
            ],
            [
              -16.2714038,
              28.5007675
            ],
            [
              -16.2714843,
              28.500417
            ],
            [
              -16.2714989,
              28.5002434
            ],
            [
              -16.2713525,
              28.4998639
            ],
            [
              -16.2709098,
              28.4996067
            ],
            [
              -16.2707964,
              28.4994363
            ],
            [
              -16.2706025,
              28.4993431
            ],
            [
              -16.2704708,
              28.4991276
            ],
            [
              -16.2703318,
              28.4986775
            ],
            [
              -16.2702547,
              28.4984374
            ],
            [
              -16.2709317,
              28.4968984
            ],
            [
              -16.2714981,
              28.4959584
            ],
            [
              -16.2716629,
              28.4954932
            ],
            [
              -16.2716804,
              28.4948938
            ],
            [
              -16.2717362,
              28.4944654
            ],
            [
              -16.2717996,
              28.4939787
            ],
            [
              -16.2718742,
              28.4931011
            ],
            [
              -16.2719763,
              28.492663
            ],
            [
              -16.2722165,
              28.4921114
            ],
            [
              -16.2722716,
              28.4918201
            ],
            [
              -16.2723148,
              28.4902975
            ],
            [
              -16.2727481,
              28.4899454
            ],
            [
              -16.273307,
              28.488656
            ],
            [
              -16.2755629,
              28.4828949
            ],
            [
              -16.2761751,
              28.4815087
            ],
            [
              -16.2771492,
              28.4789508
            ],
            [
              -16.2779587,
              28.4768563
            ],
            [
              -16.2787423,
              28.4748291
            ],
            [
              -16.2793123,
              28.4734311
            ],
            [
              -16.2810115,
              28.4692077
            ],
            [
              -16.2813849,
              28.4682073
            ],
            [
              -16.2817615,
              28.4673157
            ],
            [
              -16.2821044,
              28.4664587
            ],
            [
              -16.2821396,
              28.465841
            ],
            [
              -16.2843387,
              28.4640647
            ],
            [
              -16.2892466,
              28.4606242
            ],
            [
              -16.2898971,
              28.4601682
            ],
            [
              -16.2921403,
              28.4475047
            ],
            [
              -16.2923893,
              28.4460987
            ],
            [
              -16.2928281,
              28.4435625
            ],
            [
              -16.2931585,
              28.4416532
            ],
            [
              -16.294168,
              28.431945
            ],
            [
              -16.2964688,
              28.4318088
            ],
            [
              -16.2964897,
              28.4319158
            ],
            [
              -16.296535,
              28.4320303
            ],
            [
              -16.2965129,
              28.4322541
            ],
            [
              -16.2965627,
              28.4323855
            ],
            [
              -16.2966346,
              28.4324536
            ],
            [
              -16.2968421,
              28.4325509
            ],
            [
              -16.2969002,
              28.4326433
            ],
            [
              -16.2970634,
              28.4328088
            ],
            [
              -16.297319,
              28.4329761
            ],
            [
              -16.297554,
              28.4333562
            ],
            [
              -16.2975999,
              28.4333966
            ],
            [
              -16.2977485,
              28.4337078
            ],
            [
              -16.2979052,
              28.4339264
            ],
            [
              -16.2979944,
              28.4341759
            ],
            [
              -16.2979782,
              28.4342495
            ],
            [
              -16.2979241,
              28.4343517
            ],
            [
              -16.297962,
              28.4344586
            ],
            [
              -16.2980845,
              28.4345537
            ],
            [
              -16.2982934,
              28.4346466
            ],
            [
              -16.2984393,
              28.4346533
            ],
            [
              -16.2986205,
              28.4347152
            ],
            [
              -16.2987136,
              28.4348325
            ],
            [
              -16.2987237,
              28.434983
            ],
            [
              -16.2986608,
              28.4351534
            ],
            [
              -16.2987589,
              28.4352883
            ],
            [
              -16.2991087,
              28.4354808
            ],
            [
              -16.2992194,
              28.435576
            ],
            [
              -16.2993201,
              28.435722
            ],
            [
              -16.2993327,
              28.4359455
            ],
            [
              -16.2994258,
              28.4363903
            ],
            [
              -16.299456,
              28.4365009
            ],
            [
              -16.2995466,
              28.4366248
            ],
            [
              -16.2995214,
              28.4367244
            ],
            [
              -16.2994258,
              28.4367731
            ],
            [
              -16.2992421,
              28.4368196
            ],
            [
              -16.2991037,
              28.4368837
            ],
            [
              -16.2990533,
              28.4369789
            ],
            [
              -16.299103,
              28.4371302
            ],
            [
              -16.2991641,
              28.4373374
            ],
            [
              -16.2992848,
              28.4374524
            ],
            [
              -16.2993392,
              28.4374934
            ],
            [
              -16.2994786,
              28.4375985
            ],
            [
              -16.2998133,
              28.437802
            ],
            [
              -16.3001832,
              28.4379724
            ],
            [
              -16.3005709,
              28.4381538
            ],
            [
              -16.3006787,
              28.4384162
            ],
            [
              -16.3006992,
              28.4389246
            ],
            [
              -16.3009575,
              28.439278
            ],
            [
              -16.300978,
              28.4396025
            ],
            [
              -16.3009247,
              28.4398585
            ],
            [
              -16.3007229,
              28.4400518
            ],
            [
              -16.3004392,
              28.4402594
            ],
            [
              -16.3004244,
              28.4404246
            ],
            [
              -16.300527,
              28.4406337
            ],
            [
              -16.3008222,
              28.441171
            ],
            [
              -16.30065,
              28.4416902
            ],
            [
              -16.3004285,
              28.4420183
            ],
            [
              -16.3001825,
              28.4423609
            ],
            [
              -16.3000554,
              28.4426133
            ],
            [
              -16.299797,
              28.4428008
            ],
            [
              -16.2993214,
              28.4430856
            ],
            [
              -16.2990712,
              28.4433633
            ],
            [
              -16.2989851,
              28.443558
            ],
            [
              -16.2989817,
              28.4439325
            ],
            [
              -16.2990322,
              28.4441976
            ],
            [
              -16.2992518,
              28.4444367
            ],
            [
              -16.2994244,
              28.4445945
            ],
            [
              -16.2995516,
              28.4448275
            ],
            [
              -16.2996701,
              28.4450451
            ],
            [
              -16.2997852,
              28.445373
            ],
            [
              -16.2998558,
              28.4455159
            ],
            [
              -16.2998998,
              28.4456149
            ],
            [
              -16.3009911,
              28.4460456
            ],
            [
              -16.3013597,
              28.4460456
            ],
            [
              -16.3017049,
              28.4461691
            ],
            [
              -16.3019799,
              28.4461845
            ],
            [
              -16.302132,
              28.4461125
            ],
            [
              -16.3023367,
              28.4461279
            ],
            [
              -16.3025649,
              28.4462617
            ],
            [
              -16.3030037,
              28.4462926
            ],
            [
              -16.3033892,
              28.4464992
            ],
            [
              -16.3041091,
              28.4469575
            ],
            [
              -16.3047131,
              28.4472776
            ],
            [
              -16.3051584,
              28.4474232
            ],
            [
              -16.3054151,
              28.4474045
            ],
            [
              -16.3058071,
              28.4471473
            ],
            [
              -16.306006,
              28.4471576
            ],
            [
              -16.3061757,
              28.4471961
            ],
            [
              -16.3063103,
              28.4473248
            ],
            [
              -16.3063629,
              28.4473402
            ],
            [
              -16.3066379,
              28.4473556
            ],
            [
              -16.3068397,
              28.4472579
            ],
            [
              -16.3069275,
              28.4471807
            ],
            [
              -16.3070065,
              28.4470701
            ],
            [
              -16.3070884,
              28.4470058
            ],
            [
              -16.3074219,
              28.4469055
            ],
            [
              -16.3075886,
              28.4469749
            ],
            [
              -16.3078373,
              28.447155
            ],
            [
              -16.308004,
              28.4472347
            ],
            [
              -16.3081503,
              28.4471936
            ],
            [
              -16.308241,
              28.4470855
            ],
            [
              -16.3085865,
              28.4469931
            ],
            [
              -16.3086537,
              28.4470659
            ],
            [
              -16.3086771,
              28.4471209
            ],
            [
              -16.3087412,
              28.447529
            ],
            [
              -16.3087693,
              28.4475867
            ],
            [
              -16.3088053,
              28.4476101
            ],
            [
              -16.3088725,
              28.4476183
            ],
            [
              -16.30906,
              28.4475867
            ],
            [
              -16.309446,
              28.4475908
            ],
            [
              -16.3096304,
              28.4475867
            ],
            [
              -16.3102274,
              28.4478615
            ],
            [
              -16.3102461,
              28.4479879
            ],
            [
              -16.3103008,
              28.4481061
            ],
            [
              -16.3104601,
              28.4482837
            ],
            [
              -16.3106457,
              28.4483672
            ],
            [
              -16.311101,
              28.4486354
            ],
            [
              -16.3113098,
              28.44892
            ],
            [
              -16.3113623,
              28.448953
            ],
            [
              -16.3115123,
              28.4489952
            ],
            [
              -16.3116233,
              28.4491416
            ],
            [
              -16.3117733,
              28.4493948
            ],
            [
              -16.3118213,
              28.449441
            ],
            [
              -16.3119158,
              28.4495082
            ],
            [
              -16.3120742,
              28.4495179
            ],
            [
              -16.3122733,
              28.4494694
            ],
            [
              -16.3124083,
              28.4494668
            ],
            [
              -16.3128013,
              28.4495538
            ],
            [
              -16.3132243,
              28.4495459
            ],
            [
              -16.3134553,
              28.4495565
            ],
            [
              -16.3135723,
              28.4496039
            ],
            [
              -16.3138513,
              28.4498756
            ],
            [
              -16.3140403,
              28.4499574
            ],
            [
              -16.3141993,
              28.450055
            ],
            [
              -16.3143853,
              28.4501051
            ],
            [
              -16.3145773,
              28.4501763
            ],
            [
              -16.3146493,
              28.4501869
            ],
            [
              -16.3152343,
              28.4502001
            ],
            [
              -16.3153693,
              28.4502238
            ],
            [
              -16.3161493,
              28.4502686
            ],
            [
              -16.3165663,
              28.4502765
            ],
            [
              -16.3167575,
              28.4502623
            ],
            [
              -16.3169533,
              28.4501631
            ],
            [
              -16.3172713,
              28.4501605
            ],
            [
              -16.3184353,
              28.4502845
            ],
            [
              -16.3186243,
              28.4503267
            ],
            [
              -16.3189513,
              28.4503583
            ],
            [
              -16.3193503,
              28.4504216
            ],
            [
              -16.3197193,
              28.4505825
            ],
            [
              -16.3197875,
              28.4507073
            ],
            [
              -16.3198265,
              28.4507548
            ],
            [
              -16.3198805,
              28.4507838
            ],
            [
              -16.3201137,
              28.4508208
            ],
            [
              -16.3202895,
              28.4509533
            ],
            [
              -16.320516,
              28.4511327
            ],
            [
              -16.3206525,
              28.4511472
            ],
            [
              -16.3207067,
              28.4511397
            ],
            [
              -16.3210335,
              28.4510944
            ],
            [
              -16.321233,
              28.4510259
            ],
            [
              -16.321563,
              28.4508228
            ],
            [
              -16.3220565,
              28.4505867
            ],
            [
              -16.322223,
              28.4505814
            ],
            [
              -16.3223205,
              28.4506078
            ],
            [
              -16.322625,
              28.4507845
            ],
            [
              -16.3227,
              28.4508017
            ],
            [
              -16.322799,
              28.4507977
            ],
            [
              -16.3228305,
              28.4507885
            ],
            [
              -16.322889,
              28.4507331
            ],
            [
              -16.322916,
              28.4506764
            ],
            [
              -16.3229477,
              28.4504855
            ],
            [
              -16.3230293,
              28.4503438
            ],
            [
              -16.3230686,
              28.4502981
            ],
            [
              -16.3232383,
              28.4501946
            ],
            [
              -16.3233316,
              28.4501535
            ],
            [
              -16.3235091,
              28.4501251
            ],
            [
              -16.3239261,
              28.4501647
            ],
            [
              -16.3240326,
              28.4501594
            ],
            [
              -16.3241256,
              28.450133
            ],
            [
              -16.3242936,
              28.4500381
            ],
            [
              -16.3243896,
              28.4500143
            ],
            [
              -16.3246191,
              28.450013
            ],
            [
              -16.3247121,
              28.4500381
            ],
            [
              -16.3248396,
              28.4500961
            ],
            [
              -16.3249416,
              28.450108
            ],
            [
              -16.3253181,
              28.4499774
            ],
            [
              -16.3256226,
              28.4499932
            ],
            [
              -16.32599,
              28.4500875
            ],
            [
              -16.3261619,
              28.4501659
            ],
            [
              -16.3263655,
              28.4502284
            ],
            [
              -16.3264737,
              28.4502824
            ],
            [
              -16.3267908,
              28.450399
            ],
            [
              -16.3268704,
              28.450455
            ],
            [
              -16.326968,
              28.450565
            ],
            [
              -16.3270518,
              28.4506751
            ],
            [
              -16.327081,
              28.4508174
            ],
            [
              -16.3272154,
              28.45111
            ],
            [
              -16.3273295,
              28.4514604
            ],
            [
              -16.3273654,
              28.4517297
            ],
            [
              -16.3273998,
              28.4518273
            ],
            [
              -16.327456,
              28.451885
            ],
            [
              -16.3275436,
              28.4519427
            ],
            [
              -16.3278014,
              28.4520389
            ],
            [
              -16.328014,
              28.4522175
            ],
            [
              -16.3283735,
              28.4524892
            ],
            [
              -16.3285187,
              28.4526214
            ],
            [
              -16.3287828,
              28.4527753
            ],
            [
              -16.3289469,
              28.452833
            ],
            [
              -16.329136,
              28.4529691
            ],
            [
              -16.3291251,
              28.4531147
            ],
            [
              -16.3290704,
              28.4532796
            ],
            [
              -16.3289891,
              28.4533648
            ],
            [
              -16.3289485,
              28.4534307
            ],
            [
              -16.328936,
              28.453509
            ],
            [
              -16.3289751,
              28.4536038
            ],
            [
              -16.3294611,
              28.4539336
            ],
            [
              -16.3295502,
              28.4542373
            ],
            [
              -16.3296549,
              28.4543939
            ],
            [
              -16.3297252,
              28.4544736
            ],
            [
              -16.3298736,
              28.4545904
            ],
            [
              -16.3301237,
              28.4547291
            ],
            [
              -16.3303675,
              28.4548253
            ],
            [
              -16.330496,
              28.4548795
            ],
            [
              -16.3304841,
              28.4545939
            ],
            [
              -16.3304971,
              28.4543979
            ],
            [
              -16.3305897,
              28.4537387
            ],
            [
              -16.3306277,
              28.4534678
            ],
            [
              -16.3306646,
              28.4532052
            ],
            [
              -16.3306898,
              28.4530256
            ],
            [
              -16.3307013,
              28.4528587
            ],
            [
              -16.3306913,
              28.4526702
            ],
            [
              -16.3306602,
              28.452487
            ],
            [
              -16.3306192,
              28.4522453
            ],
            [
              -16.3306011,
              28.4521512
            ],
            [
              -16.3304827,
              28.451537
            ],
            [
              -16.330476,
              28.4514432
            ],
            [
              -16.3304726,
              28.4512195
            ],
            [
              -16.3305135,
              28.4508753
            ],
            [
              -16.3305152,
              28.4506493
            ],
            [
              -16.3304979,
              28.4504451
            ],
            [
              -16.3304266,
              28.4499311
            ],
            [
              -16.3304051,
              28.4497848
            ],
            [
              -16.3303916,
              28.4496526
            ],
            [
              -16.3303916,
              28.4494452
            ],
            [
              -16.3306126,
              28.4475864
            ],
            [
              -16.3306638,
              28.4474363
            ],
            [
              -16.3307035,
              28.4473472
            ],
            [
              -16.330772,
              28.4472479
            ],
            [
              -16.3308721,
              28.4471346
            ],
            [
              -16.3312525,
              28.4468286
            ],
            [
              -16.3313884,
              28.4466888
            ],
            [
              -16.3315077,
              28.4465417
            ],
            [
              -16.3315397,
              28.4464942
            ],
            [
              -16.3317315,
              28.4462098
            ],
            [
              -16.331854,
              28.4460536
            ],
            [
              -16.3320029,
              28.4459011
            ],
            [
              -16.3321419,
              28.4457735
            ],
            [
              -16.3322239,
              28.4456917
            ],
            [
              -16.3323237,
              28.4455804
            ],
            [
              -16.332385,
              28.445512
            ],
            [
              -16.3325276,
              28.4453142
            ],
            [
              -16.3331368,
              28.4444649
            ],
            [
              -16.3332728,
              28.4442765
            ],
            [
              -16.3334995,
              28.4439213
            ],
            [
              -16.3336105,
              28.4437145
            ],
            [
              -16.3336534,
              28.4436345
            ],
            [
              -16.333755,
              28.4434569
            ],
            [
              -16.33441,
              28.4424852
            ],
            [
              -16.3344399,
              28.4424408
            ],
            [
              -16.3344691,
              28.4423976
            ],
            [
              -16.3343827,
              28.4423762
            ],
            [
              -16.3344064,
              28.4422989
            ],
            [
              -16.3344152,
              28.4422704
            ],
            [
              -16.3344633,
              28.4421134
            ],
            [
              -16.334529,
              28.4419094
            ],
            [
              -16.3345831,
              28.4417868
            ],
            [
              -16.334814,
              28.4414183
            ],
            [
              -16.3349358,
              28.4412289
            ],
            [
              -16.3351117,
              28.440925
            ],
            [
              -16.3352066,
              28.4407664
            ],
            [
              -16.3355019,
              28.4404339
            ],
            [
              -16.335704,
              28.440192
            ],
            [
              -16.336219,
              28.439484
            ],
            [
              -16.336391,
              28.439291
            ],
            [
              -16.336927,
              28.438969
            ],
            [
              -16.3378492,
              28.4387877
            ],
            [
              -16.3380101,
              28.438691
            ],
            [
              -16.3381308,
              28.4384976
            ],
            [
              -16.3383225,
              28.4380507
            ],
            [
              -16.3387951,
              28.4376378
            ],
            [
              -16.3389612,
              28.4374431
            ],
            [
              -16.339138,
              28.437188
            ],
            [
              -16.3395308,
              28.4365557
            ],
            [
              -16.339738,
              28.436222
            ],
            [
              -16.3399691,
              28.4356664
            ],
            [
              -16.3402357,
              28.4352804
            ],
            [
              -16.3404931,
              28.4349336
            ],
            [
              -16.3406821,
              28.4346262
            ],
            [
              -16.3408047,
              28.4343462
            ],
            [
              -16.34095,
              28.4339527
            ],
            [
              -16.3411551,
              28.4335247
            ],
            [
              -16.3415661,
              28.4328198
            ],
            [
              -16.3420824,
              28.4322107
            ],
            [
              -16.3423889,
              28.4315252
            ],
            [
              -16.3427131,
              28.4309109
            ],
            [
              -16.3427713,
              28.4307881
            ],
            [
              -16.343365,
              28.430257
            ],
            [
              -16.343644,
              28.430085
            ],
            [
              -16.344287,
              28.42942
            ],
            [
              -16.3446037,
              28.4293222
            ],
            [
              -16.3447669,
              28.4293066
            ],
            [
              -16.3449507,
              28.4293493
            ],
            [
              -16.345636,
              28.4295475
            ],
            [
              -16.3457499,
              28.4295564
            ],
            [
              -16.3458288,
              28.4295309
            ],
            [
              -16.3455279,
              28.4291475
            ],
            [
              -16.3454974,
              28.4290345
            ],
            [
              -16.345444,
              28.4290244
            ],
            [
              -16.3453457,
              28.4289413
            ],
            [
              -16.3452098,
              28.4287314
            ],
            [
              -16.3451456,
              28.428498
            ],
            [
              -16.3450155,
              28.4283653
            ],
            [
              -16.3448958,
              28.4283012
            ],
            [
              -16.3446929,
              28.42826
            ],
            [
              -16.3444656,
              28.4281792
            ],
            [
              -16.3442262,
              28.4281197
            ],
            [
              -16.3441447,
              28.42808
            ],
            [
              -16.3440961,
              28.4280404
            ],
            [
              -16.3440701,
              28.4279397
            ],
            [
              -16.3440528,
              28.4277429
            ],
            [
              -16.3439713,
              28.4275659
            ],
            [
              -16.3438915,
              28.4275065
            ],
            [
              -16.3438099,
              28.4274866
            ],
            [
              -16.3435816,
              28.4274837
            ],
            [
              -16.3434172,
              28.4274448
            ],
            [
              -16.3432627,
              28.4273176
            ],
            [
              -16.3431351,
              28.427091
            ],
            [
              -16.3429757,
              28.4269422
            ],
            [
              -16.3427721,
              28.4268602
            ],
            [
              -16.342642,
              28.4268473
            ],
            [
              -16.3422976,
              28.4267593
            ],
            [
              -16.3421624,
              28.4266795
            ],
            [
              -16.3420859,
              28.4265825
            ],
            [
              -16.3420361,
              28.426545
            ],
            [
              -16.3418529,
              28.426498
            ],
            [
              -16.3417853,
              28.4264605
            ],
            [
              -16.3415843,
              28.4263932
            ],
            [
              -16.3414153,
              28.4263541
            ],
            [
              -16.3407715,
              28.4263244
            ],
            [
              -16.3406896,
              28.4263041
            ],
            [
              -16.3406078,
              28.4262712
            ],
            [
              -16.3404174,
              28.4260801
            ],
            [
              -16.3400088,
              28.4259644
            ],
            [
              -16.3399132,
              28.4258129
            ],
            [
              -16.3398088,
              28.4255242
            ],
            [
              -16.339551,
              28.4252565
            ],
            [
              -16.3394868,
              28.4251636
            ],
            [
              -16.3393824,
              28.4250729
            ],
            [
              -16.3392781,
              28.4250109
            ],
            [
              -16.3388826,
              28.4246076
            ],
            [
              -16.3388,
              28.4245407
            ],
            [
              -16.3387138,
              28.424531
            ],
            [
              -16.3385344,
              28.4244522
            ],
            [
              -16.3383654,
              28.4243955
            ],
            [
              -16.3382584,
              28.424324
            ],
            [
              -16.3381887,
              28.424239
            ],
            [
              -16.338123,
              28.4240155
            ],
            [
              -16.338069,
              28.4236536
            ],
            [
              -16.3379478,
              28.4232816
            ],
            [
              -16.3379439,
              28.4231364
            ],
            [
              -16.3379852,
              28.4229017
            ],
            [
              -16.3382435,
              28.4224906
            ],
            [
              -16.3381526,
              28.4223387
            ],
            [
              -16.3379261,
              28.4222456
            ],
            [
              -16.3378046,
              28.4222252
            ],
            [
              -16.3377008,
              28.4221814
            ],
            [
              -16.3374974,
              28.4221241
            ],
            [
              -16.3372967,
              28.4219977
            ],
            [
              -16.33725,
              28.4218777
            ],
            [
              -16.3372439,
              28.421789
            ],
            [
              -16.3372056,
              28.421672
            ],
            [
              -16.3371129,
              28.4215053
            ],
            [
              -16.3371552,
              28.4213475
            ],
            [
              -16.3372056,
              28.4210088
            ],
            [
              -16.337127,
              28.4208687
            ],
            [
              -16.3371149,
              28.4207268
            ],
            [
              -16.3370806,
              28.4206612
            ],
            [
              -16.3368911,
              28.4204413
            ],
            [
              -16.3368346,
              28.4203367
            ],
            [
              -16.3367862,
              28.4203012
            ],
            [
              -16.3367378,
              28.4202249
            ],
            [
              -16.3367177,
              28.4198472
            ],
            [
              -16.3366471,
              28.4197018
            ],
            [
              -16.3366108,
              28.419567
            ],
            [
              -16.3363184,
              28.419184
            ],
            [
              -16.3361188,
              28.4191414
            ],
            [
              -16.3358809,
              28.4188985
            ],
            [
              -16.3356812,
              28.4187921
            ],
            [
              -16.3356043,
              28.4187728
            ],
            [
              -16.3353265,
              28.4187648
            ],
            [
              -16.3350552,
              28.4189463
            ],
            [
              -16.3349694,
              28.41898
            ],
            [
              -16.3347761,
              28.4190118
            ],
            [
              -16.334712,
              28.4190782
            ],
            [
              -16.3346117,
              28.4191318
            ],
            [
              -16.3343615,
              28.4191164
            ],
            [
              -16.3342716,
              28.4190664
            ],
            [
              -16.3341662,
              28.4190636
            ],
            [
              -16.3339325,
              28.4189445
            ],
            [
              -16.3334725,
              28.4188209
            ],
            [
              -16.333058,
              28.418649
            ],
            [
              -16.3327809,
              28.4185699
            ],
            [
              -16.3325339,
              28.4185372
            ],
            [
              -16.3324201,
              28.418489
            ],
            [
              -16.3321896,
              28.4184217
            ],
            [
              -16.3320004,
              28.4184008
            ],
            [
              -16.3318485,
              28.4183536
            ],
            [
              -16.3316696,
              28.4183226
            ],
            [
              -16.3315125,
              28.4182535
            ],
            [
              -16.3314186,
              28.4181374
            ],
            [
              -16.3313204,
              28.4180511
            ],
            [
              -16.3312687,
              28.4179183
            ],
            [
              -16.3312584,
              28.4177601
            ],
            [
              -16.3312449,
              28.4177283
            ],
            [
              -16.3311788,
              28.4176637
            ],
            [
              -16.3311281,
              28.4175565
            ],
            [
              -16.3310816,
              28.4175128
            ],
            [
              -16.3309389,
              28.4174573
            ],
            [
              -16.3307394,
              28.4173319
            ],
            [
              -16.3304035,
              28.41706
            ],
            [
              -16.3303799,
              28.4169953
            ],
            [
              -16.3303513,
              28.4169172
            ],
            [
              -16.3303408,
              28.4168144
            ],
            [
              -16.3302943,
              28.416705
            ],
            [
              -16.3301519,
              28.4165916
            ],
            [
              -16.33008,
              28.4165665
            ],
            [
              -16.329924,
              28.4165691
            ],
            [
              -16.3297801,
              28.4165164
            ],
            [
              -16.3296684,
              28.4164402
            ],
            [
              -16.3287484,
              28.4163983
            ],
            [
              -16.3284721,
              28.4163946
            ],
            [
              -16.3283506,
              28.4164756
            ],
            [
              -16.3281413,
              28.4166431
            ],
            [
              -16.3279592,
              28.4167923
            ],
            [
              -16.3278294,
              28.4168659
            ],
            [
              -16.3276452,
              28.4168843
            ],
            [
              -16.3275384,
              28.4169377
            ],
            [
              -16.3274966,
              28.4170261
            ],
            [
              -16.327458,
              28.4174813
            ],
            [
              -16.3274047,
              28.4176297
            ],
            [
              -16.3273455,
              28.4177729
            ],
            [
              -16.3272922,
              28.417825
            ],
            [
              -16.3271531,
              28.417789
            ],
            [
              -16.3268303,
              28.4175334
            ],
            [
              -16.3267517,
              28.417503
            ],
            [
              -16.3258208,
              28.417872
            ],
            [
              -16.3257882,
              28.4178849
            ],
            [
              -16.3256986,
              28.4178883
            ],
            [
              -16.3256461,
              28.4177908
            ],
            [
              -16.3255646,
              28.4176483
            ],
            [
              -16.3254749,
              28.4175266
            ],
            [
              -16.3254187,
              28.4174921
            ],
            [
              -16.3253721,
              28.4174636
            ],
            [
              -16.3252277,
              28.4174381
            ],
            [
              -16.3250032,
              28.4174386
            ],
            [
              -16.3247744,
              28.4174663
            ],
            [
              -16.3242789,
              28.4176122
            ],
            [
              -16.32405,
              28.4176822
            ],
            [
              -16.3238324,
              28.4177357
            ],
            [
              -16.3235723,
              28.41778
            ],
            [
              -16.3232843,
              28.4178182
            ],
            [
              -16.3226804,
              28.4178983
            ],
            [
              -16.3220921,
              28.4179797
            ],
            [
              -16.3219639,
              28.4179768
            ],
            [
              -16.3218488,
              28.4179494
            ],
            [
              -16.3216263,
              28.4178258
            ],
            [
              -16.321537,
              28.4177786
            ],
            [
              -16.3214513,
              28.4177711
            ],
            [
              -16.3213785,
              28.4177855
            ],
            [
              -16.3212898,
              28.4178436
            ],
            [
              -16.3210659,
              28.4180863
            ],
            [
              -16.3208994,
              28.4183426
            ],
            [
              -16.3207999,
              28.4184877
            ],
            [
              -16.3205834,
              28.4189709
            ],
            [
              -16.3205672,
              28.4192161
            ],
            [
              -16.3206321,
              28.4200087
            ],
            [
              -16.320611,
              28.4203117
            ],
            [
              -16.3205331,
              28.4206259
            ],
            [
              -16.3203965,
              28.4207425
            ],
            [
              -16.3202173,
              28.4207236
            ],
            [
              -16.3198424,
              28.4206067
            ],
            [
              -16.3197043,
              28.4204943
            ],
            [
              -16.3192664,
              28.4202815
            ],
            [
              -16.319179,
              28.4201892
            ],
            [
              -16.3184642,
              28.4197409
            ],
            [
              -16.3181759,
              28.419554
            ],
            [
              -16.3180924,
              28.4194648
            ],
            [
              -16.3180379,
              28.4193456
            ],
            [
              -16.3178956,
              28.4192257
            ],
            [
              -16.317692,
              28.4191703
            ],
            [
              -16.3176458,
              28.4191432
            ],
            [
              -16.3175667,
              28.4190968
            ],
            [
              -16.3173068,
              28.4188563
            ],
            [
              -16.3172293,
              28.4186689
            ],
            [
              -16.3172981,
              28.4182354
            ],
            [
              -16.3172704,
              28.4181622
            ],
            [
              -16.317227,
              28.4181024
            ],
            [
              -16.3170113,
              28.4180165
            ],
            [
              -16.3163753,
              28.4178975
            ],
            [
              -16.3161572,
              28.4178736
            ],
            [
              -16.3157516,
              28.4178646
            ],
            [
              -16.3154755,
              28.4178061
            ],
            [
              -16.3153733,
              28.4177102
            ],
            [
              -16.3152523,
              28.4174659
            ],
            [
              -16.3150682,
              28.417262
            ],
            [
              -16.3147495,
              28.4171212
            ],
            [
              -16.3146251,
              28.4170447
            ],
            [
              -16.3141463,
              28.4169368
            ],
            [
              -16.3139423,
              28.416827
            ],
            [
              -16.3137531,
              28.4166156
            ],
            [
              -16.3136219,
              28.4164995
            ],
            [
              -16.3135318,
              28.4163963
            ],
            [
              -16.3134314,
              28.4162969
            ],
            [
              -16.3133434,
              28.4161824
            ],
            [
              -16.3132883,
              28.4161273
            ],
            [
              -16.3125092,
              28.4152397
            ],
            [
              -16.3124939,
              28.4151101
            ],
            [
              -16.3124478,
              28.4149789
            ],
            [
              -16.3123814,
              28.414847
            ],
            [
              -16.3122644,
              28.414654
            ],
            [
              -16.3116928,
              28.4139306
            ],
            [
              -16.3116178,
              28.4137837
            ],
            [
              -16.3115633,
              28.4136353
            ],
            [
              -16.3114355,
              28.4134974
            ],
            [
              -16.311415,
              28.413409
            ],
            [
              -16.3114423,
              28.4133191
            ],
            [
              -16.3114218,
              28.4132606
            ],
            [
              -16.3113775,
              28.4132142
            ],
            [
              -16.3112906,
              28.4131632
            ],
            [
              -16.3109941,
              28.4131572
            ],
            [
              -16.3108526,
              28.4131347
            ],
            [
              -16.3106976,
              28.4129818
            ],
            [
              -16.3105851,
              28.4129174
            ],
            [
              -16.3104169,
              28.4128501
            ],
            [
              -16.3103434,
              28.4127653
            ],
            [
              -16.3102024,
              28.4126689
            ],
            [
              -16.310188,
              28.4126276
            ],
            [
              -16.3099313,
              28.4125078
            ],
            [
              -16.3097005,
              28.4124756
            ],
            [
              -16.3093836,
              28.4123697
            ],
            [
              -16.3092547,
              28.412269
            ],
            [
              -16.3092005,
              28.4122001
            ],
            [
              -16.3088245,
              28.4118376
            ],
            [
              -16.308645,
              28.4115387
            ],
            [
              -16.3085028,
              28.4113564
            ],
            [
              -16.3083642,
              28.4111381
            ],
            [
              -16.3083317,
              28.4110565
            ],
            [
              -16.3083208,
              28.4109706
            ],
            [
              -16.3082497,
              28.410906
            ],
            [
              -16.3081834,
              28.4107661
            ],
            [
              -16.3080232,
              28.4105191
            ],
            [
              -16.3079851,
              28.4103465
            ],
            [
              -16.3078996,
              28.4102313
            ],
            [
              -16.3076048,
              28.4099304
            ],
            [
              -16.3074886,
              28.4097307
            ],
            [
              -16.3073706,
              28.4097963
            ],
            [
              -16.3072439,
              28.4097951
            ],
            [
              -16.3071051,
              28.4098941
            ],
            [
              -16.3070099,
              28.4099391
            ],
            [
              -16.3069675,
              28.4099941
            ],
            [
              -16.3068663,
              28.4100558
            ],
            [
              -16.3067502,
              28.4101929
            ],
            [
              -16.306648,
              28.410244
            ],
            [
              -16.3065987,
              28.4102868
            ],
            [
              -16.3065516,
              28.4102879
            ],
            [
              -16.3065035,
              28.4102732
            ],
            [
              -16.3064126,
              28.4103218
            ],
            [
              -16.3062247,
              28.4105541
            ],
            [
              -16.3061877,
              28.4106657
            ],
            [
              -16.3060875,
              28.4107093
            ],
            [
              -16.3060568,
              28.4107539
            ],
            [
              -16.3060718,
              28.4107655
            ],
            [
              -16.3060735,
              28.4108124
            ],
            [
              -16.3060001,
              28.4109077
            ],
            [
              -16.305974,
              28.4109984
            ],
            [
              -16.3058662,
              28.4110625
            ],
            [
              -16.3058411,
              28.4111051
            ],
            [
              -16.3058094,
              28.4111148
            ],
            [
              -16.3057826,
              28.4110645
            ],
            [
              -16.3057594,
              28.4110503
            ],
            [
              -16.305744,
              28.4110596
            ],
            [
              -16.3057093,
              28.4111273
            ],
            [
              -16.3057169,
              28.4111527
            ],
            [
              -16.3057958,
              28.411223
            ],
            [
              -16.3058445,
              28.4112439
            ],
            [
              -16.3057954,
              28.411255
            ],
            [
              -16.30577,
              28.4112742
            ],
            [
              -16.305818,
              28.4113338
            ],
            [
              -16.3058235,
              28.411377
            ],
            [
              -16.3057927,
              28.411378
            ],
            [
              -16.3057625,
              28.4114488
            ],
            [
              -16.3057612,
              28.4114882
            ],
            [
              -16.3057242,
              28.4115161
            ],
            [
              -16.305693,
              28.4115215
            ],
            [
              -16.3056725,
              28.4115438
            ],
            [
              -16.3056709,
              28.4116081
            ],
            [
              -16.305562,
              28.4115365
            ],
            [
              -16.3055542,
              28.4115512
            ],
            [
              -16.3055858,
              28.4116159
            ],
            [
              -16.3055758,
              28.4116619
            ],
            [
              -16.3055537,
              28.4116633
            ],
            [
              -16.305506,
              28.411698
            ],
            [
              -16.3054591,
              28.4117463
            ],
            [
              -16.3054496,
              28.4117849
            ],
            [
              -16.3054662,
              28.4117941
            ],
            [
              -16.3054755,
              28.411828
            ],
            [
              -16.3054686,
              28.4118805
            ],
            [
              -16.3054937,
              28.4120237
            ],
            [
              -16.3054714,
              28.4120992
            ],
            [
              -16.3053454,
              28.4122937
            ],
            [
              -16.3053206,
              28.4123123
            ],
            [
              -16.3052686,
              28.4123239
            ],
            [
              -16.3052126,
              28.4123079
            ],
            [
              -16.3051864,
              28.4122838
            ],
            [
              -16.3051346,
              28.4122758
            ],
            [
              -16.3051213,
              28.4123055
            ],
            [
              -16.3050912,
              28.4122866
            ],
            [
              -16.3050284,
              28.4122922
            ],
            [
              -16.3050015,
              28.4123238
            ],
            [
              -16.3050061,
              28.4123432
            ],
            [
              -16.3050342,
              28.4123504
            ],
            [
              -16.3050343,
              28.412375
            ],
            [
              -16.3049991,
              28.4123943
            ],
            [
              -16.3049791,
              28.4124273
            ],
            [
              -16.3050075,
              28.4124375
            ],
            [
              -16.3050395,
              28.4124862
            ],
            [
              -16.3050218,
              28.4126213
            ],
            [
              -16.3050038,
              28.4126583
            ],
            [
              -16.3049343,
              28.4127002
            ],
            [
              -16.3048983,
              28.4127409
            ],
            [
              -16.3049645,
              28.4127926
            ],
            [
              -16.3049803,
              28.4128466
            ],
            [
              -16.3049589,
              28.4128681
            ],
            [
              -16.3049264,
              28.4128708
            ],
            [
              -16.3048359,
              28.4128308
            ],
            [
              -16.3047076,
              28.4128956
            ],
            [
              -16.3044633,
              28.4131157
            ],
            [
              -16.3043618,
              28.4131453
            ],
            [
              -16.3043354,
              28.413093
            ],
            [
              -16.3043044,
              28.4130824
            ],
            [
              -16.3042135,
              28.4131526
            ],
            [
              -16.3041962,
              28.4131489
            ],
            [
              -16.3041792,
              28.4131252
            ],
            [
              -16.3041466,
              28.4131254
            ],
            [
              -16.3040799,
              28.4131691
            ],
            [
              -16.3040771,
              28.4131926
            ],
            [
              -16.3039467,
              28.4132709
            ],
            [
              -16.3038497,
              28.4132246
            ],
            [
              -16.3038107,
              28.4131936
            ],
            [
              -16.3036658,
              28.4131443
            ],
            [
              -16.3036157,
              28.4131426
            ],
            [
              -16.3036208,
              28.4132807
            ],
            [
              -16.3035639,
              28.4133156
            ],
            [
              -16.3035346,
              28.4134593
            ],
            [
              -16.3035179,
              28.4134353
            ],
            [
              -16.3034917,
              28.4134265
            ],
            [
              -16.3033039,
              28.4135134
            ],
            [
              -16.3032643,
              28.4135009
            ],
            [
              -16.3032418,
              28.4134351
            ],
            [
              -16.3032074,
              28.4134411
            ],
            [
              -16.3031735,
              28.4135166
            ],
            [
              -16.3031557,
              28.4135227
            ],
            [
              -16.3030993,
              28.4134734
            ],
            [
              -16.3030785,
              28.4134335
            ],
            [
              -16.3030398,
              28.4134167
            ],
            [
              -16.3030167,
              28.4134286
            ],
            [
              -16.3030018,
              28.413457
            ],
            [
              -16.3029723,
              28.4135581
            ],
            [
              -16.3029507,
              28.4135895
            ],
            [
              -16.3028397,
              28.4135344
            ],
            [
              -16.302771,
              28.4135466
            ],
            [
              -16.3027224,
              28.4136187
            ],
            [
              -16.3027148,
              28.4136668
            ],
            [
              -16.302733,
              28.4137038
            ],
            [
              -16.3027207,
              28.4137249
            ],
            [
              -16.3026174,
              28.4136807
            ],
            [
              -16.3024671,
              28.4137169
            ],
            [
              -16.302455,
              28.413701
            ],
            [
              -16.3024692,
              28.4136402
            ],
            [
              -16.3024402,
              28.4136294
            ],
            [
              -16.302412,
              28.4136581
            ],
            [
              -16.3023832,
              28.4137344
            ],
            [
              -16.3023804,
              28.4139611
            ],
            [
              -16.3023638,
              28.4139784
            ],
            [
              -16.302337,
              28.4139652
            ],
            [
              -16.3023069,
              28.4139761
            ],
            [
              -16.3021462,
              28.4141059
            ],
            [
              -16.3021276,
              28.4140976
            ],
            [
              -16.3020835,
              28.4140196
            ],
            [
              -16.3020559,
              28.4140201
            ],
            [
              -16.3019712,
              28.4141447
            ],
            [
              -16.3019127,
              28.4141844
            ],
            [
              -16.3018851,
              28.4141849
            ],
            [
              -16.3018456,
              28.4141225
            ],
            [
              -16.3018125,
              28.4141045
            ],
            [
              -16.3018031,
              28.4141215
            ],
            [
              -16.3017677,
              28.4141056
            ],
            [
              -16.3017545,
              28.4140786
            ],
            [
              -16.3017091,
              28.4140605
            ],
            [
              -16.301676,
              28.4140719
            ],
            [
              -16.3016083,
              28.4141234
            ],
            [
              -16.3015412,
              28.414201
            ],
            [
              -16.3014983,
              28.4142102
            ],
            [
              -16.3014949,
              28.4141406
            ],
            [
              -16.3014694,
              28.4141015
            ],
            [
              -16.301436,
              28.4141062
            ],
            [
              -16.3014041,
              28.4141258
            ],
            [
              -16.3013635,
              28.4141829
            ],
            [
              -16.3013501,
              28.414225
            ],
            [
              -16.3013135,
              28.4142657
            ],
            [
              -16.3012843,
              28.4143201
            ],
            [
              -16.3012798,
              28.4143669
            ],
            [
              -16.3012014,
              28.4144076
            ],
            [
              -16.3011012,
              28.4143708
            ],
            [
              -16.3010744,
              28.4143869
            ],
            [
              -16.3009237,
              28.4144144
            ],
            [
              -16.3007742,
              28.4143311
            ],
            [
              -16.3007205,
              28.414339
            ],
            [
              -16.3006559,
              28.4143965
            ],
            [
              -16.300643,
              28.4144601
            ],
            [
              -16.3006118,
              28.4145148
            ],
            [
              -16.3004516,
              28.4146838
            ],
            [
              -16.3004248,
              28.414762
            ],
            [
              -16.3003666,
              28.4148362
            ],
            [
              -16.3003085,
              28.4148051
            ],
            [
              -16.300254,
              28.4149109
            ],
            [
              -16.3001036,
              28.4150209
            ],
            [
              -16.3000783,
              28.4150788
            ],
            [
              -16.2999148,
              28.4152166
            ],
            [
              -16.2997764,
              28.415285
            ],
            [
              -16.2997428,
              28.4153691
            ],
            [
              -16.2997059,
              28.4153884
            ],
            [
              -16.2996157,
              28.4154766
            ],
            [
              -16.2995633,
              28.4154372
            ],
            [
              -16.2995369,
              28.4154353
            ],
            [
              -16.2994768,
              28.4154635
            ],
            [
              -16.299461,
              28.4156009
            ],
            [
              -16.2995371,
              28.4156483
            ],
            [
              -16.2994961,
              28.4157146
            ],
            [
              -16.2994955,
              28.415794
            ],
            [
              -16.2993828,
              28.4159016
            ],
            [
              -16.2993647,
              28.4160091
            ],
            [
              -16.2993401,
              28.4160175
            ],
            [
              -16.299183,
              28.415975
            ],
            [
              -16.2991302,
              28.4159783
            ],
            [
              -16.2990741,
              28.4159981
            ],
            [
              -16.2990458,
              28.4160222
            ],
            [
              -16.2991014,
              28.4160854
            ],
            [
              -16.2991036,
              28.4161167
            ],
            [
              -16.2990703,
              28.4161267
            ],
            [
              -16.2989313,
              28.4160888
            ],
            [
              -16.2989018,
              28.4160921
            ],
            [
              -16.2988768,
              28.4161136
            ],
            [
              -16.2988546,
              28.4161624
            ],
            [
              -16.2987531,
              28.4161481
            ],
            [
              -16.298736,
              28.4161735
            ],
            [
              -16.2988081,
              28.4162731
            ],
            [
              -16.2988308,
              28.4163296
            ],
            [
              -16.2988192,
              28.4163835
            ],
            [
              -16.2988295,
              28.4164741
            ],
            [
              -16.298815,
              28.4165416
            ],
            [
              -16.2987085,
              28.4165732
            ],
            [
              -16.2986962,
              28.4165908
            ],
            [
              -16.2988057,
              28.416721
            ],
            [
              -16.2988129,
              28.416789
            ],
            [
              -16.298793,
              28.4168041
            ],
            [
              -16.2987021,
              28.4168035
            ],
            [
              -16.2986626,
              28.4168323
            ],
            [
              -16.2986971,
              28.4169088
            ],
            [
              -16.298687,
              28.4169787
            ],
            [
              -16.2986651,
              28.4170102
            ],
            [
              -16.298569,
              28.4170368
            ],
            [
              -16.2984931,
              28.4171518
            ],
            [
              -16.2984068,
              28.4172411
            ],
            [
              -16.2983525,
              28.4172459
            ],
            [
              -16.2982526,
              28.4172047
            ],
            [
              -16.2981932,
              28.4172189
            ],
            [
              -16.2981726,
              28.4172722
            ],
            [
              -16.2981954,
              28.4173316
            ],
            [
              -16.2981869,
              28.417372
            ],
            [
              -16.2981586,
              28.4173667
            ],
            [
              -16.2980993,
              28.4173853
            ],
            [
              -16.2980583,
              28.4174353
            ],
            [
              -16.2979441,
              28.4174688
            ],
            [
              -16.2978757,
              28.4175022
            ],
            [
              -16.297832,
              28.4175642
            ],
            [
              -16.2978405,
              28.4176283
            ],
            [
              -16.2978714,
              28.4176982
            ],
            [
              -16.2978321,
              28.4177459
            ],
            [
              -16.2978082,
              28.4177725
            ],
            [
              -16.2977187,
              28.417858
            ],
            [
              -16.2976346,
              28.4177884
            ],
            [
              -16.2975818,
              28.4177779
            ],
            [
              -16.2975235,
              28.4177415
            ],
            [
              -16.2974115,
              28.4177551
            ],
            [
              -16.2973016,
              28.4177852
            ],
            [
              -16.2971644,
              28.41787
            ],
            [
              -16.2971328,
              28.4179166
            ],
            [
              -16.2972597,
              28.4180275
            ],
            [
              -16.2974239,
              28.4180916
            ],
            [
              -16.2975003,
              28.418166
            ],
            [
              -16.2975384,
              28.4182192
            ],
            [
              -16.2975421,
              28.4183247
            ],
            [
              -16.2975291,
              28.4183741
            ],
            [
              -16.2975137,
              28.4183539
            ],
            [
              -16.2974669,
              28.4183406
            ],
            [
              -16.297394,
              28.4183426
            ],
            [
              -16.2972805,
              28.4183719
            ],
            [
              -16.29725,
              28.4183472
            ],
            [
              -16.297206,
              28.4183437
            ],
            [
              -16.2970796,
              28.4184366
            ],
            [
              -16.2970511,
              28.4185125
            ],
            [
              -16.2970558,
              28.4185657
            ],
            [
              -16.2970838,
              28.4185969
            ],
            [
              -16.297229,
              28.4186796
            ],
            [
              -16.297264,
              28.4187216
            ],
            [
              -16.2972541,
              28.4187484
            ],
            [
              -16.2972212,
              28.4187506
            ],
            [
              -16.2971203,
              28.418723
            ],
            [
              -16.2970736,
              28.4187363
            ],
            [
              -16.2971078,
              28.4188114
            ],
            [
              -16.2970289,
              28.4188196
            ],
            [
              -16.2969793,
              28.418837
            ],
            [
              -16.2969734,
              28.4188591
            ],
            [
              -16.297037,
              28.418981
            ],
            [
              -16.2971077,
              28.4190181
            ],
            [
              -16.2970846,
              28.4190693
            ],
            [
              -16.2970914,
              28.4190951
            ],
            [
              -16.2970766,
              28.4191323
            ],
            [
              -16.2970215,
              28.4191412
            ],
            [
              -16.296983,
              28.4191766
            ],
            [
              -16.296961,
              28.4192715
            ],
            [
              -16.2968917,
              28.4194091
            ],
            [
              -16.2965907,
              28.419825
            ],
            [
              -16.2964242,
              28.4199883
            ],
            [
              -16.2963236,
              28.4200705
            ],
            [
              -16.2962642,
              28.4201082
            ],
            [
              -16.2957342,
              28.4203672
            ],
            [
              -16.2957032,
              28.4203575
            ],
            [
              -16.2956155,
              28.4202609
            ],
            [
              -16.2955798,
              28.4201934
            ],
            [
              -16.2956129,
              28.420158
            ],
            [
              -16.2955955,
              28.4201338
            ],
            [
              -16.2953842,
              28.4202445
            ],
            [
              -16.2953546,
              28.4202009
            ],
            [
              -16.2956086,
              28.4200695
            ],
            [
              -16.2955687,
              28.4200045
            ],
            [
              -16.2956027,
              28.4199706
            ],
            [
              -16.2956116,
              28.419931
            ],
            [
              -16.2955905,
              28.4198867
            ],
            [
              -16.2955061,
              28.419842
            ],
            [
              -16.2954183,
              28.4198546
            ],
            [
              -16.2953133,
              28.4199026
            ],
            [
              -16.2942619,
              28.4204762
            ],
            [
              -16.2940023,
              28.4206246
            ],
            [
              -16.2939541,
              28.4206737
            ],
            [
              -16.2939236,
              28.420745
            ],
            [
              -16.2939442,
              28.420977
            ],
            [
              -16.2938507,
              28.4212172
            ],
            [
              -16.2933528,
              28.4220387
            ],
            [
              -16.2932834,
              28.4221721
            ],
            [
              -16.2932784,
              28.4222078
            ],
            [
              -16.2932784,
              28.4222572
            ],
            [
              -16.2933163,
              28.4223321
            ],
            [
              -16.2933966,
              28.4224198
            ],
            [
              -16.2934105,
              28.4224657
            ],
            [
              -16.2934669,
              28.4224996
            ],
            [
              -16.2935225,
              28.4225622
            ],
            [
              -16.2935492,
              28.4226403
            ],
            [
              -16.2935045,
              28.4227946
            ],
            [
              -16.2934916,
              28.4228575
            ],
            [
              -16.2934097,
              28.422948
            ],
            [
              -16.2933774,
              28.4230055
            ],
            [
              -16.2933374,
              28.423024
            ],
            [
              -16.2932936,
              28.4230739
            ],
            [
              -16.2932936,
              28.4231347
            ],
            [
              -16.2933641,
              28.4232212
            ],
            [
              -16.2934006,
              28.423296
            ],
            [
              -16.2933757,
              28.4233489
            ],
            [
              -16.2933934,
              28.4234136
            ],
            [
              -16.2933487,
              28.4234237
            ],
            [
              -16.2933192,
              28.423466
            ],
            [
              -16.2933492,
              28.4234888
            ],
            [
              -16.2934193,
              28.4235212
            ],
            [
              -16.2934008,
              28.4237158
            ],
            [
              -16.2933891,
              28.4237682
            ],
            [
              -16.2933897,
              28.423796
            ],
            [
              -16.2933982,
              28.4238097
            ],
            [
              -16.2934257,
              28.4238317
            ],
            [
              -16.2934246,
              28.4238505
            ],
            [
              -16.2934477,
              28.4238535
            ],
            [
              -16.2934602,
              28.4238862
            ],
            [
              -16.2934372,
              28.4238883
            ],
            [
              -16.2934416,
              28.4239175
            ],
            [
              -16.2935621,
              28.4239454
            ],
            [
              -16.2935115,
              28.4240046
            ],
            [
              -16.2935576,
              28.4240317
            ],
            [
              -16.2935163,
              28.424075
            ],
            [
              -16.2934998,
              28.4242569
            ],
            [
              -16.2934826,
              28.4244054
            ],
            [
              -16.2934463,
              28.4244927
            ],
            [
              -16.2933972,
              28.4245428
            ],
            [
              -16.2933882,
              28.4245496
            ],
            [
              -16.2933113,
              28.4246079
            ],
            [
              -16.2929278,
              28.424703
            ],
            [
              -16.292818,
              28.4247594
            ],
            [
              -16.2927074,
              28.4249083
            ],
            [
              -16.2926723,
              28.4249754
            ],
            [
              -16.2925477,
              28.4251021
            ],
            [
              -16.292655,
              28.4251242
            ],
            [
              -16.2926732,
              28.4251545
            ],
            [
              -16.2925579,
              28.4253831
            ],
            [
              -16.2925396,
              28.4254519
            ],
            [
              -16.2923406,
              28.4255176
            ],
            [
              -16.2921216,
              28.4256395
            ],
            [
              -16.2920243,
              28.4256744
            ],
            [
              -16.2919461,
              28.4256796
            ],
            [
              -16.2919007,
              28.4257072
            ],
            [
              -16.2919153,
              28.4257634
            ],
            [
              -16.291957,
              28.4258376
            ],
            [
              -16.291765,
              28.4263928
            ],
            [
              -16.2917389,
              28.4264682
            ],
            [
              -16.2916668,
              28.4266394
            ],
            [
              -16.2916341,
              28.4266826
            ],
            [
              -16.2915694,
              28.426768
            ],
            [
              -16.2915193,
              28.4268141
            ],
            [
              -16.2912554,
              28.4268601
            ],
            [
              -16.2911782,
              28.4268889
            ],
            [
              -16.2910265,
              28.4268335
            ],
            [
              -16.2909463,
              28.4268453
            ],
            [
              -16.2909277,
              28.4268835
            ],
            [
              -16.2908232,
              28.4269237
            ],
            [
              -16.2906994,
              28.4268285
            ],
            [
              -16.2905794,
              28.4269893
            ],
            [
              -16.2905604,
              28.427086
            ],
            [
              -16.2905733,
              28.4271606
            ],
            [
              -16.2905656,
              28.427179
            ],
            [
              -16.2905254,
              28.4272125
            ],
            [
              -16.2904534,
              28.4273532
            ],
            [
              -16.2904182,
              28.427387
            ],
            [
              -16.2903467,
              28.4273663
            ],
            [
              -16.2902115,
              28.4273862
            ],
            [
              -16.2900302,
              28.4273524
            ],
            [
              -16.2900049,
              28.4273726
            ],
            [
              -16.2900171,
              28.4274051
            ],
            [
              -16.290084,
              28.427467
            ],
            [
              -16.290068,
              28.427506
            ],
            [
              -16.2899284,
              28.4275606
            ],
            [
              -16.2898944,
              28.4276012
            ],
            [
              -16.2898124,
              28.427658
            ],
            [
              -16.2896861,
              28.4277026
            ],
            [
              -16.2896115,
              28.4276848
            ],
            [
              -16.2894809,
              28.4279107
            ],
            [
              -16.2894221,
              28.4279611
            ],
            [
              -16.2893946,
              28.4280733
            ],
            [
              -16.2893049,
              28.428258
            ],
            [
              -16.2891344,
              28.4284397
            ],
            [
              -16.288963,
              28.4285142
            ],
            [
              -16.2889252,
              28.42856
            ],
            [
              -16.288776,
              28.4286804
            ],
            [
              -16.2887962,
              28.4287939
            ],
            [
              -16.2887788,
              28.4288187
            ],
            [
              -16.2885724,
              28.4288366
            ],
            [
              -16.2885369,
              28.4289151
            ],
            [
              -16.2885264,
              28.4289757
            ],
            [
              -16.2884938,
              28.4290112
            ],
            [
              -16.2884395,
              28.4290377
            ],
            [
              -16.2881786,
              28.4290419
            ],
            [
              -16.2881327,
              28.4290649
            ],
            [
              -16.2881182,
              28.4291014
            ],
            [
              -16.2881469,
              28.4292006
            ],
            [
              -16.2881467,
              28.4292581
            ],
            [
              -16.2881222,
              28.4292886
            ],
            [
              -16.2879735,
              28.4292962
            ],
            [
              -16.2878884,
              28.4292859
            ],
            [
              -16.2878567,
              28.4292389
            ],
            [
              -16.2878127,
              28.4292188
            ],
            [
              -16.2877965,
              28.4292254
            ],
            [
              -16.2877075,
              28.4293244
            ],
            [
              -16.2876747,
              28.4295089
            ],
            [
              -16.2876426,
              28.4296009
            ],
            [
              -16.2876126,
              28.4296395
            ],
            [
              -16.2875622,
              28.4296695
            ],
            [
              -16.2874706,
              28.4296967
            ],
            [
              -16.2872568,
              28.4298134
            ],
            [
              -16.2871958,
              28.429835
            ],
            [
              -16.2871568,
              28.4298383
            ],
            [
              -16.2870076,
              28.4298439
            ],
            [
              -16.2869147,
              28.4299551
            ],
            [
              -16.2868594,
              28.4299825
            ],
            [
              -16.286692,
              28.4299962
            ],
            [
              -16.2866629,
              28.4300114
            ],
            [
              -16.2862988,
              28.4300807
            ],
            [
              -16.2861644,
              28.4301176
            ],
            [
              -16.2860469,
              28.4301679
            ],
            [
              -16.2858829,
              28.4302852
            ],
            [
              -16.2857629,
              28.4305205
            ],
            [
              -16.2856585,
              28.430559
            ],
            [
              -16.285559,
              28.4305453
            ],
            [
              -16.2855432,
              28.4305561
            ],
            [
              -16.2855218,
              28.4306148
            ],
            [
              -16.2855417,
              28.4306406
            ],
            [
              -16.2855335,
              28.4306801
            ],
            [
              -16.2853579,
              28.4307193
            ],
            [
              -16.2854054,
              28.4307589
            ],
            [
              -16.2853986,
              28.4308008
            ],
            [
              -16.2853164,
              28.4308694
            ],
            [
              -16.2852281,
              28.4309118
            ],
            [
              -16.2851928,
              28.4309417
            ],
            [
              -16.2851886,
              28.4310208
            ],
            [
              -16.2850727,
              28.4311164
            ],
            [
              -16.2850254,
              28.4311454
            ],
            [
              -16.284997,
              28.4311208
            ],
            [
              -16.2849887,
              28.4310808
            ],
            [
              -16.2849628,
              28.4310524
            ],
            [
              -16.2849016,
              28.4310335
            ],
            [
              -16.2848592,
              28.4310397
            ],
            [
              -16.2848466,
              28.4310747
            ],
            [
              -16.2848732,
              28.4311442
            ],
            [
              -16.2848362,
              28.4312127
            ],
            [
              -16.2847896,
              28.4312623
            ],
            [
              -16.2847424,
              28.4312757
            ],
            [
              -16.2846887,
              28.4314042
            ],
            [
              -16.2845997,
              28.4314616
            ],
            [
              -16.2840569,
              28.4317003
            ],
            [
              -16.2839424,
              28.431773
            ],
            [
              -16.2839005,
              28.4317463
            ],
            [
              -16.2838606,
              28.4317447
            ],
            [
              -16.2838485,
              28.4317697
            ],
            [
              -16.2838502,
              28.4318303
            ],
            [
              -16.2838203,
              28.431837
            ],
            [
              -16.2837974,
              28.4318266
            ],
            [
              -16.2837335,
              28.4317557
            ],
            [
              -16.2836769,
              28.4317878
            ],
            [
              -16.2836767,
              28.4318297
            ],
            [
              -16.2837525,
              28.4319019
            ],
            [
              -16.283757,
              28.4319735
            ],
            [
              -16.2836982,
              28.4320345
            ],
            [
              -16.2836348,
              28.4321721
            ],
            [
              -16.2835939,
              28.4322127
            ],
            [
              -16.2834874,
              28.4322899
            ],
            [
              -16.2830545,
              28.4325297
            ],
            [
              -16.2828976,
              28.4326546
            ],
            [
              -16.2827434,
              28.4327437
            ],
            [
              -16.2825383,
              28.4329105
            ],
            [
              -16.2824323,
              28.4330212
            ],
            [
              -16.2823206,
              28.4331057
            ],
            [
              -16.28223,
              28.4331454
            ],
            [
              -16.2820439,
              28.4331864
            ],
            [
              -16.2819263,
              28.4332573
            ],
            [
              -16.2815745,
              28.4332332
            ],
            [
              -16.2815296,
              28.4332775
            ],
            [
              -16.2815203,
              28.4333186
            ],
            [
              -16.2815314,
              28.4334002
            ],
            [
              -16.2815741,
              28.4334554
            ],
            [
              -16.2815536,
              28.4334905
            ],
            [
              -16.2813387,
              28.4335118
            ],
            [
              -16.2811313,
              28.4335163
            ],
            [
              -16.2811262,
              28.4335816
            ],
            [
              -16.2810478,
              28.4336567
            ],
            [
              -16.2809509,
              28.4336664
            ],
            [
              -16.2808998,
              28.4336162
            ],
            [
              -16.2808741,
              28.4336065
            ],
            [
              -16.2807926,
              28.4336076
            ],
            [
              -16.2807611,
              28.4336234
            ],
            [
              -16.2806419,
              28.4337919
            ],
            [
              -16.2806025,
              28.4338257
            ],
            [
              -16.2804423,
              28.4338807
            ],
            [
              -16.2804098,
              28.4339185
            ],
            [
              -16.2803745,
              28.4340218
            ],
            [
              -16.2803646,
              28.4340456
            ],
            [
              -16.280267,
              28.4341774
            ],
            [
              -16.2800572,
              28.4343898
            ],
            [
              -16.2799063,
              28.434461
            ],
            [
              -16.2798228,
              28.4345965
            ],
            [
              -16.2797781,
              28.434639
            ],
            [
              -16.2797204,
              28.4346515
            ],
            [
              -16.2796432,
              28.4347187
            ],
            [
              -16.2795261,
              28.4348756
            ],
            [
              -16.2794027,
              28.4350997
            ],
            [
              -16.279372,
              28.4351603
            ],
            [
              -16.2793578,
              28.4352873
            ],
            [
              -16.2793198,
              28.4353567
            ],
            [
              -16.2792928,
              28.4353779
            ],
            [
              -16.279216,
              28.4353939
            ],
            [
              -16.2791431,
              28.435405
            ],
            [
              -16.2791083,
              28.4354278
            ],
            [
              -16.2790931,
              28.4356192
            ],
            [
              -16.2790752,
              28.4356446
            ],
            [
              -16.2790172,
              28.4356752
            ],
            [
              -16.2787803,
              28.435746
            ],
            [
              -16.2787487,
              28.4357643
            ],
            [
              -16.2787415,
              28.4357807
            ],
            [
              -16.2787635,
              28.4358294
            ],
            [
              -16.2785907,
              28.436008
            ],
            [
              -16.2785163,
              28.4361525
            ],
            [
              -16.2784764,
              28.4361827
            ],
            [
              -16.278416,
              28.4361515
            ],
            [
              -16.278385,
              28.436152
            ],
            [
              -16.2782845,
              28.4362663
            ],
            [
              -16.2781074,
              28.4362493
            ],
            [
              -16.2780731,
              28.4362811
            ],
            [
              -16.2780694,
              28.4363065
            ],
            [
              -16.2780933,
              28.4363459
            ],
            [
              -16.2781011,
              28.4363934
            ],
            [
              -16.2780455,
              28.4363996
            ],
            [
              -16.2780071,
              28.4364207
            ],
            [
              -16.278004,
              28.4365985
            ],
            [
              -16.2779127,
              28.4366793
            ],
            [
              -16.2778862,
              28.4367224
            ],
            [
              -16.2778913,
              28.4367791
            ],
            [
              -16.2779615,
              28.4368607
            ],
            [
              -16.2779728,
              28.4368931
            ],
            [
              -16.2779527,
              28.4369293
            ],
            [
              -16.27793,
              28.4369396
            ],
            [
              -16.2777491,
              28.4369505
            ],
            [
              -16.2775956,
              28.4370612
            ],
            [
              -16.2775663,
              28.4371002
            ],
            [
              -16.2774569,
              28.4370312
            ],
            [
              -16.2773966,
              28.4369703
            ],
            [
              -16.2773879,
              28.4369796
            ],
            [
              -16.2774368,
              28.4370346
            ],
            [
              -16.277437,
              28.4370855
            ],
            [
              -16.2774195,
              28.4370864
            ],
            [
              -16.2773573,
              28.437024
            ],
            [
              -16.2773284,
              28.4370356
            ],
            [
              -16.2773266,
              28.4370711
            ],
            [
              -16.2772663,
              28.4370736
            ],
            [
              -16.2771533,
              28.4371161
            ],
            [
              -16.2770802,
              28.4371835
            ],
            [
              -16.277101,
              28.4372932
            ],
            [
              -16.2770455,
              28.4373941
            ],
            [
              -16.2769932,
              28.4375669
            ],
            [
              -16.2769354,
              28.4376538
            ],
            [
              -16.2768835,
              28.4377731
            ],
            [
              -16.2768092,
              28.4378418
            ],
            [
              -16.2767438,
              28.4378755
            ],
            [
              -16.2766447,
              28.4378794
            ],
            [
              -16.2765868,
              28.4379571
            ],
            [
              -16.2765591,
              28.438034
            ],
            [
              -16.2765164,
              28.4380679
            ],
            [
              -16.2764884,
              28.4381312
            ],
            [
              -16.2764838,
              28.4382626
            ],
            [
              -16.276459,
              28.4383163
            ],
            [
              -16.2762799,
              28.4383954
            ],
            [
              -16.2762096,
              28.4384623
            ],
            [
              -16.2761534,
              28.438528
            ],
            [
              -16.2761425,
              28.4386712
            ],
            [
              -16.2760905,
              28.4387385
            ],
            [
              -16.2759748,
              28.4388407
            ],
            [
              -16.2757707,
              28.4389858
            ],
            [
              -16.2754083,
              28.4392124
            ],
            [
              -16.2753517,
              28.4392323
            ],
            [
              -16.2750945,
              28.4391897
            ],
            [
              -16.2750648,
              28.4392084
            ],
            [
              -16.2750714,
              28.4392412
            ],
            [
              -16.2750344,
              28.4392752
            ],
            [
              -16.2750224,
              28.4393106
            ],
            [
              -16.2750622,
              28.4393681
            ],
            [
              -16.2750253,
              28.43944
            ],
            [
              -16.275016,
              28.4395309
            ],
            [
              -16.2749384,
              28.4395992
            ],
            [
              -16.2749198,
              28.4396548
            ],
            [
              -16.2749317,
              28.4397343
            ],
            [
              -16.2749118,
              28.439783
            ],
            [
              -16.2747305,
              28.44004
            ],
            [
              -16.2746341,
              28.4401978
            ],
            [
              -16.2745446,
              28.4402364
            ],
            [
              -16.2745469,
              28.4403005
            ],
            [
              -16.2746256,
              28.4403215
            ],
            [
              -16.274634,
              28.4404459
            ],
            [
              -16.2746801,
              28.4405291
            ],
            [
              -16.2747827,
              28.4406379
            ],
            [
              -16.2748064,
              28.4407044
            ],
            [
              -16.274766,
              28.4409552
            ],
            [
              -16.2748213,
              28.4410296
            ],
            [
              -16.2748304,
              28.4410649
            ],
            [
              -16.274753,
              28.4410951
            ],
            [
              -16.2746854,
              28.441168
            ],
            [
              -16.2746555,
              28.4411862
            ],
            [
              -16.2746247,
              28.4411713
            ],
            [
              -16.2745835,
              28.4412221
            ],
            [
              -16.2745502,
              28.441221
            ],
            [
              -16.2744751,
              28.4411664
            ],
            [
              -16.2744303,
              28.441188
            ],
            [
              -16.274414,
              28.4412046
            ],
            [
              -16.2743701,
              28.4411854
            ],
            [
              -16.274349,
              28.4411344
            ],
            [
              -16.2743004,
              28.441071
            ],
            [
              -16.2742448,
              28.4410741
            ],
            [
              -16.2742356,
              28.4411667
            ],
            [
              -16.2743081,
              28.4412387
            ],
            [
              -16.2742289,
              28.4412639
            ],
            [
              -16.2741475,
              28.4412888
            ],
            [
              -16.274056,
              28.4413685
            ],
            [
              -16.2739207,
              28.441355
            ],
            [
              -16.2738172,
              28.4414213
            ],
            [
              -16.2737605,
              28.4415089
            ],
            [
              -16.2737492,
              28.4416145
            ],
            [
              -16.2737671,
              28.4416509
            ],
            [
              -16.2738426,
              28.4416838
            ],
            [
              -16.2739082,
              28.4418327
            ],
            [
              -16.273952,
              28.4418538
            ],
            [
              -16.2739586,
              28.4418897
            ],
            [
              -16.2739363,
              28.4419299
            ],
            [
              -16.2739344,
              28.44209
            ],
            [
              -16.2739057,
              28.442156
            ],
            [
              -16.2738723,
              28.4421906
            ],
            [
              -16.2738712,
              28.4422257
            ],
            [
              -16.2739033,
              28.4422669
            ],
            [
              -16.273927,
              28.4423879
            ],
            [
              -16.2739103,
              28.4424026
            ],
            [
              -16.2738744,
              28.4424014
            ],
            [
              -16.2738403,
              28.4424278
            ],
            [
              -16.2738214,
              28.4424767
            ],
            [
              -16.2737565,
              28.4425082
            ],
            [
              -16.273718,
              28.4425803
            ],
            [
              -16.2737565,
              28.4426136
            ],
            [
              -16.2737812,
              28.442671
            ],
            [
              -16.2737851,
              28.4427267
            ],
            [
              -16.2737258,
              28.4427566
            ],
            [
              -16.273661,
              28.4427597
            ],
            [
              -16.2735565,
              28.4428047
            ],
            [
              -16.273528,
              28.4428343
            ],
            [
              -16.2735141,
              28.4428741
            ],
            [
              -16.2734489,
              28.4428928
            ],
            [
              -16.2732976,
              28.4429725
            ],
            [
              -16.2730717,
              28.4430485
            ],
            [
              -16.2729972,
              28.4430591
            ],
            [
              -16.2729155,
              28.4430523
            ],
            [
              -16.2728165,
              28.4430088
            ],
            [
              -16.2727884,
              28.4430194
            ],
            [
              -16.2727851,
              28.4431029
            ],
            [
              -16.272894,
              28.4431496
            ],
            [
              -16.2729394,
              28.4431366
            ],
            [
              -16.2730077,
              28.443186
            ],
            [
              -16.2730834,
              28.4433635
            ],
            [
              -16.2730311,
              28.4433826
            ],
            [
              -16.2729779,
              28.4434289
            ],
            [
              -16.2729458,
              28.4434937
            ],
            [
              -16.2729255,
              28.4436215
            ],
            [
              -16.2729499,
              28.4436552
            ],
            [
              -16.2729782,
              28.4437366
            ],
            [
              -16.2729784,
              28.4437671
            ],
            [
              -16.2729785,
              28.4437824
            ],
            [
              -16.272828,
              28.4438152
            ],
            [
              -16.2727143,
              28.4438569
            ],
            [
              -16.2726438,
              28.4439025
            ],
            [
              -16.2725666,
              28.4439695
            ],
            [
              -16.2725249,
              28.4440414
            ],
            [
              -16.2725154,
              28.4440838
            ],
            [
              -16.2724628,
              28.4441055
            ],
            [
              -16.2723914,
              28.444174
            ],
            [
              -16.2723863,
              28.4442946
            ],
            [
              -16.2724081,
              28.4443336
            ],
            [
              -16.2724678,
              28.4443915
            ],
            [
              -16.2724388,
              28.4444174
            ],
            [
              -16.2723974,
              28.4443838
            ],
            [
              -16.2723599,
              28.4443759
            ],
            [
              -16.2723531,
              28.444458
            ],
            [
              -16.2723301,
              28.4444661
            ],
            [
              -16.2722675,
              28.4444209
            ],
            [
              -16.2720795,
              28.4443962
            ],
            [
              -16.2720746,
              28.4444797
            ],
            [
              -16.2719458,
              28.4445069
            ],
            [
              -16.2719161,
              28.4445391
            ],
            [
              -16.2719487,
              28.4445894
            ],
            [
              -16.2719402,
              28.4447169
            ],
            [
              -16.2718976,
              28.4447532
            ],
            [
              -16.271904,
              28.4447826
            ],
            [
              -16.2719493,
              28.4448131
            ],
            [
              -16.27195,
              28.4448904
            ],
            [
              -16.2719053,
              28.4449579
            ],
            [
              -16.2717584,
              28.4451236
            ],
            [
              -16.2717238,
              28.445187
            ],
            [
              -16.2715288,
              28.4453521
            ],
            [
              -16.2713658,
              28.4454794
            ],
            [
              -16.2712736,
              28.445487
            ],
            [
              -16.2712159,
              28.4455111
            ],
            [
              -16.2711727,
              28.4455455
            ],
            [
              -16.2711332,
              28.4456135
            ],
            [
              -16.2710848,
              28.4456577
            ],
            [
              -16.2710387,
              28.445669
            ],
            [
              -16.2709544,
              28.4457124
            ],
            [
              -16.2708737,
              28.4458039
            ],
            [
              -16.270747,
              28.4458856
            ],
            [
              -16.2707359,
              28.4459197
            ],
            [
              -16.2706831,
              28.4459831
            ],
            [
              -16.270656,
              28.4460834
            ],
            [
              -16.2705085,
              28.4463079
            ],
            [
              -16.2703536,
              28.4464881
            ],
            [
              -16.2703418,
              28.4465501
            ],
            [
              -16.2702458,
              28.4466919
            ],
            [
              -16.2701692,
              28.4467739
            ],
            [
              -16.270095,
              28.4468126
            ],
            [
              -16.2698575,
              28.4471533
            ],
            [
              -16.2697768,
              28.447232
            ],
            [
              -16.2697007,
              28.4472846
            ],
            [
              -16.2693987,
              28.4474446
            ],
            [
              -16.2689014,
              28.4476446
            ],
            [
              -16.2680948,
              28.4479864
            ],
            [
              -16.2675664,
              28.4481683
            ],
            [
              -16.2674669,
              28.4482295
            ],
            [
              -16.2674203,
              28.4483115
            ],
            [
              -16.26733,
              28.4488049
            ],
            [
              -16.2672797,
              28.4488769
            ],
            [
              -16.2671597,
              28.4489616
            ],
            [
              -16.2670599,
              28.4490501
            ],
            [
              -16.2669001,
              28.449146
            ],
            [
              -16.2667658,
              28.4492918
            ],
            [
              -16.2665808,
              28.4494553
            ],
            [
              -16.2662471,
              28.4496264
            ],
            [
              -16.2657957,
              28.4497704
            ],
            [
              -16.2651677,
              28.4498968
            ],
            [
              -16.2647626,
              28.4500292
            ],
            [
              -16.2647634,
              28.4486737
            ],
            [
              -16.2645307,
              28.4486756
            ],
            [
              -16.2645323,
              28.448723
            ],
            [
              -16.2645187,
              28.4487347
            ],
            [
              -16.2644798,
              28.4487742
            ],
            [
              -16.2644566,
              28.4488407
            ],
            [
              -16.2644458,
              28.4489635
            ],
            [
              -16.2644618,
              28.4494334
            ],
            [
              -16.2644794,
              28.4497421
            ],
            [
              -16.2644174,
              28.4497411
            ],
            [
              -16.2644176,
              28.4497679
            ],
            [
              -16.2644786,
              28.4497686
            ],
            [
              -16.2644667,
              28.4499034
            ],
            [
              -16.2644375,
              28.4499493
            ],
            [
              -16.2643092,
              28.4499941
            ],
            [
              -16.2642347,
              28.4500379
            ],
            [
              -16.264093,
              28.4500776
            ],
            [
              -16.2639991,
              28.4500711
            ],
            [
              -16.2635522,
              28.4502236
            ],
            [
              -16.2629627,
              28.4505341
            ],
            [
              -16.2626346,
              28.4498173
            ],
            [
              -16.2626704,
              28.4498042
            ],
            [
              -16.2626443,
              28.4497461
            ],
            [
              -16.2626313,
              28.4497172
            ],
            [
              -16.2625227,
              28.4497542
            ],
            [
              -16.2625192,
              28.4497447
            ],
            [
              -16.2624735,
              28.4497604
            ],
            [
              -16.2624694,
              28.4497497
            ],
            [
              -16.2623731,
              28.4497852
            ],
            [
              -16.2624135,
              28.4498727
            ],
            [
              -16.2624219,
              28.449891
            ],
            [
              -16.2624439,
              28.4498837
            ],
            [
              -16.2624546,
              28.4499042
            ],
            [
              -16.262521,
              28.4498804
            ],
            [
              -16.2625529,
              28.4498685
            ],
            [
              -16.2628847,
              28.45058
            ],
            [
              -16.2627396,
              28.450661
            ],
            [
              -16.2625823,
              28.4507447
            ],
            [
              -16.2622405,
              28.4509647
            ],
            [
              -16.261425,
              28.451425
            ],
            [
              -16.2612632,
              28.4515393
            ],
            [
              -16.2611091,
              28.4516095
            ],
            [
              -16.260841,
              28.4516872
            ],
            [
              -16.2605046,
              28.4517599
            ],
            [
              -16.2600693,
              28.4517938
            ],
            [
              -16.2596741,
              28.4518019
            ],
            [
              -16.2596332,
              28.4518027
            ],
            [
              -16.2596447,
              28.4516449
            ],
            [
              -16.2596154,
              28.4516016
            ],
            [
              -16.2595552,
              28.4516112
            ],
            [
              -16.2595369,
              28.4516465
            ],
            [
              -16.2595347,
              28.4517422
            ],
            [
              -16.259484,
              28.4517541
            ],
            [
              -16.2593452,
              28.4517187
            ],
            [
              -16.259254,
              28.4516722
            ],
            [
              -16.2592025,
              28.451616
            ],
            [
              -16.2591862,
              28.4515982
            ],
            [
              -16.2592394,
              28.4515534
            ],
            [
              -16.2593726,
              28.4515181
            ],
            [
              -16.2594054,
              28.4514944
            ],
            [
              -16.2594018,
              28.4514683
            ],
            [
              -16.2593745,
              28.451433
            ],
            [
              -16.2593109,
              28.4514203
            ],
            [
              -16.2589692,
              28.4515004
            ],
            [
              -16.2589071,
              28.451494
            ],
            [
              -16.2588542,
              28.4514612
            ],
            [
              -16.2584959,
              28.4513299
            ],
            [
              -16.2578021,
              28.4509988
            ],
            [
              -16.2569803,
              28.4506494
            ],
            [
              -16.2568597,
              28.4506236
            ],
            [
              -16.2562207,
              28.4505835
            ],
            [
              -16.2556266,
              28.4505233
            ],
            [
              -16.2541955,
              28.4504278
            ],
            [
              -16.2539615,
              28.4504712
            ],
            [
              -16.25382,
              28.4505273
            ],
            [
              -16.2537082,
              28.4506156
            ],
            [
              -16.2536123,
              28.4507139
            ],
            [
              -16.2535475,
              28.4508094
            ],
            [
              -16.2535051,
              28.4511834
            ],
            [
              -16.2534446,
              28.4522481
            ],
            [
              -16.2534503,
              28.4525979
            ],
            [
              -16.2534754,
              28.4526601
            ],
            [
              -16.2535855,
              28.4527137
            ],
            [
              -16.2536527,
              28.4527631
            ],
            [
              -16.2538081,
              28.4530433
            ],
            [
              -16.2538001,
              28.4531557
            ],
            [
              -16.2537345,
              28.4533112
            ],
            [
              -16.2536489,
              28.4534793
            ],
            [
              -16.2535833,
              28.453562
            ],
            [
              -16.2535204,
              28.4536304
            ],
            [
              -16.2533667,
              28.4535702
            ],
            [
              -16.2532779,
              28.4535539
            ],
            [
              -16.2532172,
              28.4535661
            ],
            [
              -16.2531681,
              28.4536124
            ],
            [
              -16.2530653,
              28.4537706
            ],
            [
              -16.2529225,
              28.4539358
            ],
            [
              -16.252777,
              28.4540942
            ],
            [
              -16.252588,
              28.4542519
            ],
            [
              -16.2522982,
              28.4544335
            ],
            [
              -16.2519459,
              28.4546075
            ],
            [
              -16.2519254,
              28.454631
            ],
            [
              -16.2519198,
              28.4546581
            ],
            [
              -16.2519328,
              28.4546938
            ],
            [
              -16.2519808,
              28.4547551
            ],
            [
              -16.2520282,
              28.4547633
            ],
            [
              -16.2521376,
              28.4547271
            ],
            [
              -16.2522689,
              28.454647
            ],
            [
              -16.2523302,
              28.4546425
            ],
            [
              -16.2523825,
              28.4546713
            ],
            [
              -16.2526017,
              28.4549192
            ],
            [
              -16.2524552,
              28.4550388
            ],
            [
              -16.2523423,
              28.4551118
            ],
            [
              -16.2520466,
              28.4553625
            ],
            [
              -16.2519459,
              28.4553931
            ],
            [
              -16.2518951,
              28.4553317
            ],
            [
              -16.2518147,
              28.4553221
            ],
            [
              -16.2516742,
              28.4553509
            ],
            [
              -16.2515046,
              28.4553616
            ],
            [
              -16.2511922,
              28.4553317
            ],
            [
              -16.2505368,
              28.4553509
            ],
            [
              -16.250168,
              28.4552916
            ],
            [
              -16.2500147,
              28.4553108
            ],
            [
              -16.2499307,
              28.455306
            ],
            [
              -16.2498421,
              28.4552681
            ],
            [
              -16.2492988,
              28.4545224
            ],
            [
              -16.2491968,
              28.4544649
            ],
            [
              -16.2490955,
              28.4544504
            ],
            [
              -16.2490179,
              28.4544746
            ],
            [
              -16.248954,
              28.4545179
            ],
            [
              -16.2489206,
              28.4545797
            ],
            [
              -16.2489978,
              28.4547474
            ],
            [
              -16.2492461,
              28.4550797
            ],
            [
              -16.2494595,
              28.4554149
            ],
            [
              -16.2494889,
              28.4555532
            ],
            [
              -16.249497,
              28.4556946
            ],
            [
              -16.248227,
              28.4584315
            ],
            [
              -16.2479622,
              28.4589221
            ],
            [
              -16.2477967,
              28.4590605
            ],
            [
              -16.2477842,
              28.4591253
            ],
            [
              -16.247598,
              28.4592106
            ],
            [
              -16.2474798,
              28.4595126
            ],
            [
              -16.2477148,
              28.4595791
            ],
            [
              -16.2464053,
              28.462909
            ],
            [
              -16.2465242,
              28.4629474
            ],
            [
              -16.2465505,
              28.4629808
            ],
            [
              -16.2468865,
              28.4631156
            ],
            [
              -16.2474314,
              28.4633603
            ],
            [
              -16.2473528,
              28.463513
            ],
            [
              -16.2472773,
              28.463658
            ],
            [
              -16.2461888,
              28.463398
            ],
            [
              -16.2457394,
              28.4645831
            ],
            [
              -16.2454931,
              28.4645174
            ],
            [
              -16.2453184,
              28.4652089
            ],
            [
              -16.2436884,
              28.4644607
            ],
            [
              -16.2434781,
              28.4647273
            ],
            [
              -16.2433109,
              28.4646187
            ],
            [
              -16.243278,
              28.4646517
            ],
            [
              -16.2442931,
              28.4653471
            ],
            [
              -16.244675,
              28.4654104
            ],
            [
              -16.2446443,
              28.4655318
            ],
            [
              -16.2450348,
              28.4655952
            ],
            [
              -16.2451199,
              28.4660642
            ],
            [
              -16.2451138,
              28.4660843
            ],
            [
              -16.2449901,
              28.4665343
            ],
            [
              -16.2448908,
              28.4669248
            ],
            [
              -16.2448024,
              28.4673216
            ],
            [
              -16.2447821,
              28.4674161
            ],
            [
              -16.24485,
              28.4676508
            ],
            [
              -16.2427551,
              28.4680529
            ],
            [
              -16.2424173,
              28.4666767
            ],
            [
              -16.2422443,
              28.4659992
            ],
            [
              -16.243014,
              28.4645473
            ],
            [
              -16.2445178,
              28.4617083
            ],
            [
              -16.2451465,
              28.4595752
            ],
            [
              -16.2458929,
              28.45975
            ],
            [
              -16.2459342,
              28.4596109
            ],
            [
              -16.2451976,
              28.45944
            ],
            [
              -16.2470255,
              28.4559798
            ],
            [
              -16.2471623,
              28.4560299
            ],
            [
              -16.2472203,
              28.4559171
            ],
            [
              -16.2474885,
              28.4560285
            ],
            [
              -16.247559,
              28.4559003
            ],
            [
              -16.2470131,
              28.4556761
            ],
            [
              -16.2450368,
              28.4594261
            ],
            [
              -16.2445957,
              28.4609129
            ],
            [
              -16.2423686,
              28.4651388
            ],
            [
              -16.2419162,
              28.4659572
            ],
            [
              -16.2424568,
              28.468119
            ],
            [
              -16.2425574,
              28.4685522
            ],
            [
              -16.2424887,
              28.4686282
            ],
            [
              -16.2425545,
              28.4691822
            ],
            [
              -16.2425025,
              28.4693983
            ],
            [
              -16.2424367,
              28.4695292
            ],
            [
              -16.2424493,
              28.4696357
            ],
            [
              -16.2414598,
              28.4712555
            ],
            [
              -16.2404143,
              28.4730795
            ],
            [
              -16.2402481,
              28.4733192
            ],
            [
              -16.2394505,
              28.4743154
            ],
            [
              -16.2373152,
              28.4769163
            ],
            [
              -16.235609,
              28.4790652
            ],
            [
              -16.235839,
              28.4792031
            ],
            [
              -16.2381281,
              28.4763495
            ],
            [
              -16.2405771,
              28.47335
            ],
            [
              -16.2427793,
              28.4695797
            ],
            [
              -16.2430428,
              28.4696997
            ],
            [
              -16.2434364,
              28.4690412
            ],
            [
              -16.2436629,
              28.4690089
            ],
            [
              -16.2442855,
              28.4691425
            ],
            [
              -16.2442528,
              28.4692773
            ],
            [
              -16.2444533,
              28.4693244
            ],
            [
              -16.2445866,
              28.4693557
            ],
            [
              -16.244191,
              28.4706509
            ],
            [
              -16.2442952,
              28.4706732
            ],
            [
              -16.2443313,
              28.4706803
            ],
            [
              -16.2444584,
              28.4707056
            ],
            [
              -16.2448542,
              28.469415
            ],
            [
              -16.2450012,
              28.4694531
            ],
            [
              -16.2451821,
              28.4694956
            ],
            [
              -16.2452423,
              28.4693023
            ],
            [
              -16.2456403,
              28.4693508
            ],
            [
              -16.2456469,
              28.4693242
            ],
            [
              -16.2457596,
              28.4693419
            ],
            [
              -16.2457537,
              28.4693669
            ],
            [
              -16.2458753,
              28.4693821
            ],
            [
              -16.2458801,
              28.4693497
            ],
            [
              -16.2460296,
              28.4693685
            ],
            [
              -16.2460219,
              28.4694864
            ],
            [
              -16.2461174,
              28.4694914
            ],
            [
              -16.2461803,
              28.4694946
            ],
            [
              -16.2462484,
              28.4694982
            ],
            [
              -16.2463336,
              28.4695026
            ],
            [
              -16.246304,
              28.4700029
            ],
            [
              -16.2462438,
              28.4710221
            ],
            [
              -16.2448585,
              28.4743752
            ],
            [
              -16.2445702,
              28.4742887
            ],
            [
              -16.2445326,
              28.4744043
            ],
            [
              -16.2443268,
              28.4746862
            ],
            [
              -16.2444692,
              28.4747815
            ],
            [
              -16.2445611,
              28.474843
            ],
            [
              -16.2437865,
              28.4757093
            ],
            [
              -16.242741,
              28.4768787
            ],
            [
              -16.2421384,
              28.4775394
            ],
            [
              -16.2413387,
              28.4769308
            ],
            [
              -16.2411093,
              28.4771724
            ],
            [
              -16.2410962,
              28.4771915
            ],
            [
              -16.2410972,
              28.4772139
            ],
            [
              -16.2411102,
              28.4772338
            ],
            [
              -16.2415391,
              28.4775645
            ],
            [
              -16.2415306,
              28.4775997
            ],
            [
              -16.2416095,
              28.4776683
            ],
            [
              -16.2416469,
              28.4777248
            ],
            [
              -16.241615,
              28.4777976
            ],
            [
              -16.2415894,
              28.4778604
            ],
            [
              -16.2415222,
              28.4778493
            ],
            [
              -16.241486,
              28.4779236
            ],
            [
              -16.2414357,
              28.4779139
            ],
            [
              -16.2410709,
              28.4777866
            ],
            [
              -16.2410159,
              28.4777883
            ],
            [
              -16.2409675,
              28.4778193
            ],
            [
              -16.2408625,
              28.4780502
            ],
            [
              -16.2409714,
              28.478088
            ],
            [
              -16.2409472,
              28.4781454
            ],
            [
              -16.240838,
              28.4781041
            ],
            [
              -16.2408242,
              28.4781343
            ],
            [
              -16.2409348,
              28.4781749
            ],
            [
              -16.2409173,
              28.4782163
            ],
            [
              -16.2408048,
              28.4781771
            ],
            [
              -16.240773,
              28.478247
            ],
            [
              -16.2411131,
              28.4783762
            ],
            [
              -16.2410426,
              28.4785309
            ],
            [
              -16.2409063,
              28.478813
            ],
            [
              -16.2407477,
              28.479148
            ],
            [
              -16.2401685,
              28.4789337
            ],
            [
              -16.2401544,
              28.4789285
            ],
            [
              -16.2406306,
              28.4779428
            ],
            [
              -16.2406481,
              28.4779482
            ],
            [
              -16.2406701,
              28.4779051
            ],
            [
              -16.240649,
              28.4778935
            ],
            [
              -16.2405979,
              28.477889
            ],
            [
              -16.2400811,
              28.4789501
            ],
            [
              -16.2408138,
              28.4792232
            ],
            [
              -16.2406719,
              28.479539
            ],
            [
              -16.2403246,
              28.4802614
            ],
            [
              -16.2402832,
              28.4803881
            ],
            [
              -16.2402743,
              28.4805125
            ],
            [
              -16.2403201,
              28.4806213
            ],
            [
              -16.2403719,
              28.4807048
            ],
            [
              -16.2403018,
              28.4807926
            ],
            [
              -16.240157,
              28.4809741
            ],
            [
              -16.2397224,
              28.4814582
            ],
            [
              -16.239269,
              28.4811572
            ],
            [
              -16.2393216,
              28.4810921
            ],
            [
              -16.2393084,
              28.4810831
            ],
            [
              -16.239213,
              28.4811911
            ],
            [
              -16.239175,
              28.4811671
            ],
            [
              -16.2392713,
              28.4810577
            ],
            [
              -16.2392547,
              28.4810464
            ],
            [
              -16.2391201,
              28.4812002
            ],
            [
              -16.239092,
              28.4811955
            ],
            [
              -16.2390529,
              28.4812146
            ],
            [
              -16.2390041,
              28.481257
            ],
            [
              -16.2388653,
              28.4814255
            ],
            [
              -16.2385253,
              28.4812221
            ],
            [
              -16.2385538,
              28.4811559
            ],
            [
              -16.2383319,
              28.4810525
            ],
            [
              -16.2381593,
              28.4810797
            ],
            [
              -16.238203,
              28.4811754
            ],
            [
              -16.2383747,
              28.4813586
            ],
            [
              -16.238743,
              28.4815006
            ],
            [
              -16.23886,
              28.4815746
            ],
            [
              -16.2389483,
              28.4816736
            ],
            [
              -16.2388944,
              28.4817176
            ],
            [
              -16.2390599,
              28.481941
            ],
            [
              -16.2389471,
              28.4820943
            ],
            [
              -16.2388438,
              28.4823672
            ],
            [
              -16.2388256,
              28.4824046
            ],
            [
              -16.2388019,
              28.482461
            ],
            [
              -16.2387726,
              28.4825124
            ],
            [
              -16.2385807,
              28.4824918
            ],
            [
              -16.2383778,
              28.4828863
            ],
            [
              -16.238445,
              28.4829767
            ],
            [
              -16.2383529,
              28.4831454
            ],
            [
              -16.2381607,
              28.4832764
            ],
            [
              -16.2381051,
              28.4832289
            ],
            [
              -16.2378127,
              28.4836364
            ],
            [
              -16.2377432,
              28.4835265
            ],
            [
              -16.2375379,
              28.4836461
            ],
            [
              -16.23761,
              28.4837942
            ],
            [
              -16.2374469,
              28.4839249
            ],
            [
              -16.2372827,
              28.4838151
            ],
            [
              -16.2371433,
              28.4839128
            ],
            [
              -16.237284,
              28.4841395
            ],
            [
              -16.2373769,
              28.4842892
            ],
            [
              -16.2373767,
              28.4843299
            ],
            [
              -16.2374551,
              28.4845047
            ],
            [
              -16.2374135,
              28.4845194
            ],
            [
              -16.2374048,
              28.4844967
            ],
            [
              -16.2372764,
              28.4845439
            ],
            [
              -16.2372985,
              28.484589
            ],
            [
              -16.2374656,
              28.4845325
            ],
            [
              -16.2375613,
              28.4847067
            ],
            [
              -16.2373684,
              28.4851381
            ],
            [
              -16.2373389,
              28.4852541
            ],
            [
              -16.2373106,
              28.4852889
            ],
            [
              -16.2372534,
              28.48534
            ],
            [
              -16.2368867,
              28.4856103
            ],
            [
              -16.2364675,
              28.4851106
            ],
            [
              -16.2364184,
              28.4851464
            ],
            [
              -16.2368236,
              28.4856268
            ],
            [
              -16.2366892,
              28.4856925
            ],
            [
              -16.2365478,
              28.4855034
            ],
            [
              -16.2365234,
              28.4855193
            ],
            [
              -16.2366637,
              28.4857012
            ],
            [
              -16.2365517,
              28.4857567
            ],
            [
              -16.2364036,
              28.4855972
            ],
            [
              -16.2363834,
              28.4856103
            ],
            [
              -16.2365323,
              28.4857629
            ],
            [
              -16.2361786,
              28.4859453
            ],
            [
              -16.2357262,
              28.4854085
            ],
            [
              -16.2356761,
              28.4854412
            ],
            [
              -16.2361277,
              28.4859744
            ],
            [
              -16.2359844,
              28.4860573
            ],
            [
              -16.2356711,
              28.4862787
            ],
            [
              -16.23535,
              28.4865174
            ],
            [
              -16.2351758,
              28.486483
            ],
            [
              -16.2346619,
              28.4864528
            ],
            [
              -16.2342977,
              28.4864799
            ],
            [
              -16.2339405,
              28.4865541
            ],
            [
              -16.2333682,
              28.4862693
            ],
            [
              -16.2330955,
              28.4859956
            ],
            [
              -16.2332186,
              28.4859003
            ],
            [
              -16.2333246,
              28.485856
            ],
            [
              -16.2333357,
              28.4858716
            ],
            [
              -16.2333541,
              28.4858649
            ],
            [
              -16.2333691,
              28.4858852
            ],
            [
              -16.2334233,
              28.4858578
            ],
            [
              -16.2334389,
              28.4858764
            ],
            [
              -16.2335469,
              28.4858223
            ],
            [
              -16.2335205,
              28.4857749
            ],
            [
              -16.2335103,
              28.4857163
            ],
            [
              -16.2335596,
              28.4856695
            ],
            [
              -16.2334567,
              28.4855498
            ],
            [
              -16.2333724,
              28.4855384
            ],
            [
              -16.2332642,
              28.4855602
            ],
            [
              -16.2331064,
              28.4856353
            ],
            [
              -16.2328896,
              28.4858015
            ],
            [
              -16.2327093,
              28.485875
            ],
            [
              -16.2324991,
              28.4859268
            ],
            [
              -16.2323697,
              28.4859687
            ],
            [
              -16.2323325,
              28.4859808
            ],
            [
              -16.2320333,
              28.4860776
            ],
            [
              -16.231653,
              28.4862587
            ],
            [
              -16.2309595,
              28.485743
            ],
            [
              -16.2307971,
              28.4857994
            ],
            [
              -16.2300852,
              28.4852721
            ],
            [
              -16.2299055,
              28.4854538
            ],
            [
              -16.2291648,
              28.4849308
            ],
            [
              -16.2290784,
              28.4850188
            ],
            [
              -16.2300887,
              28.4857618
            ],
            [
              -16.2269828,
              28.489105
            ],
            [
              -16.2267394,
              28.4889219
            ],
            [
              -16.2267259,
              28.4888533
            ],
            [
              -16.2252507,
              28.488972
            ],
            [
              -16.2249152,
              28.4889896
            ],
            [
              -16.2196698,
              28.489449
            ],
            [
              -16.2197951,
              28.4877877
            ],
            [
              -16.2225015,
              28.485874
            ],
            [
              -16.2253097,
              28.4838894
            ],
            [
              -16.2284032,
              28.4830318
            ],
            [
              -16.2283519,
              28.482863
            ],
            [
              -16.225211,
              28.4837418
            ],
            [
              -16.2198001,
              28.4875852
            ],
            [
              -16.2195963,
              28.4875461
            ],
            [
              -16.2189508,
              28.4879568
            ],
            [
              -16.2188736,
              28.4881586
            ],
            [
              -16.2181705,
              28.4885934
            ],
            [
              -16.2182332,
              28.4886783
            ],
            [
              -16.2184111,
              28.4885673
            ],
            [
              -16.2182992,
              28.4897752
            ],
            [
              -16.2180903,
              28.4900776
            ],
            [
              -16.2175783,
              28.4906314
            ],
            [
              -16.2174123,
              28.4910194
            ],
            [
              -16.2172245,
              28.4912397
            ],
            [
              -16.2157762,
              28.4922202
            ],
            [
              -16.2149446,
              28.4927274
            ],
            [
              -16.214574,
              28.4929534
            ],
            [
              -16.2133854,
              28.4915762
            ],
            [
              -16.2132255,
              28.4915486
            ],
            [
              -16.2131263,
              28.4915988
            ],
            [
              -16.2131138,
              28.4916891
            ],
            [
              -16.2131563,
              28.4918005
            ],
            [
              -16.2141579,
              28.4931226
            ],
            [
              -16.2141145,
              28.4931635
            ],
            [
              -16.2139004,
              28.493349
            ],
            [
              -16.212652,
              28.4941644
            ],
            [
              -16.2112933,
              28.4949142
            ],
            [
              -16.2101265,
              28.495414
            ],
            [
              -16.2100361,
              28.4953446
            ],
            [
              -16.2099973,
              28.4953398
            ],
            [
              -16.2097776,
              28.4954397
            ],
            [
              -16.2095939,
              28.4955385
            ],
            [
              -16.2096513,
              28.4956531
            ],
            [
              -16.209463,
              28.4957461
            ],
            [
              -16.2090696,
              28.4959485
            ],
            [
              -16.2087429,
              28.4961189
            ],
            [
              -16.2085891,
              28.496202
            ],
            [
              -16.2085682,
              28.4961781
            ],
            [
              -16.2084264,
              28.4962509
            ],
            [
              -16.2084937,
              28.4963438
            ],
            [
              -16.2083329,
              28.4964247
            ],
            [
              -16.2082231,
              28.496246
            ],
            [
              -16.2043983,
              28.4982057
            ],
            [
              -16.2027266,
              28.4990622
            ],
            [
              -16.201948,
              28.4978988
            ],
            [
              -16.2066864,
              28.4954696
            ],
            [
              -16.2069022,
              28.495359
            ],
            [
              -16.207135,
              28.4952375
            ],
            [
              -16.2073539,
              28.4951233
            ],
            [
              -16.2077147,
              28.4949351
            ],
            [
              -16.2082054,
              28.494679
            ],
            [
              -16.2086027,
              28.4944716
            ],
            [
              -16.2089363,
              28.4942976
            ],
            [
              -16.2092698,
              28.4941236
            ],
            [
              -16.2096385,
              28.4939312
            ],
            [
              -16.2099633,
              28.4937617
            ],
            [
              -16.2102759,
              28.4935986
            ],
            [
              -16.2105269,
              28.4934676
            ],
            [
              -16.2107712,
              28.4933401
            ],
            [
              -16.2108523,
              28.4933024
            ],
            [
              -16.2107965,
              28.4932028
            ],
            [
              -16.2109285,
              28.4931321
            ],
            [
              -16.2111526,
              28.4935272
            ],
            [
              -16.2112262,
              28.4936164
            ],
            [
              -16.2112986,
              28.4936269
            ],
            [
              -16.2113681,
              28.4936066
            ],
            [
              -16.2114432,
              28.4935434
            ],
            [
              -16.2114444,
              28.4934072
            ],
            [
              -16.2110572,
              28.4928115
            ],
            [
              -16.2109893,
              28.4927804
            ],
            [
              -16.2109443,
              28.4927872
            ],
            [
              -16.2108986,
              28.4927942
            ],
            [
              -16.2064222,
              28.4950844
            ],
            [
              -16.2050282,
              28.4957976
            ],
            [
              -16.202781,
              28.4958583
            ],
            [
              -16.20129,
              28.4958997
            ],
            [
              -16.2011396,
              28.4959555
            ],
            [
              -16.2010959,
              28.496003
            ],
            [
              -16.2010818,
              28.4960431
            ],
            [
              -16.2005698,
              28.4960669
            ],
            [
              -16.1977958,
              28.4962036
            ],
            [
              -16.1970519,
              28.4963058
            ],
            [
              -16.1964362,
              28.4964323
            ],
            [
              -16.1958642,
              28.4965807
            ],
            [
              -16.1958122,
              28.496515
            ],
            [
              -16.1957501,
              28.4965114
            ],
            [
              -16.1956814,
              28.4965308
            ],
            [
              -16.1951844,
              28.4968701
            ],
            [
              -16.1950963,
              28.4969808
            ],
            [
              -16.1948834,
              28.4973168
            ],
            [
              -16.1948104,
              28.4975456
            ],
            [
              -16.1947423,
              28.4978267
            ],
            [
              -16.1947855,
              28.498215
            ],
            [
              -16.1950681,
              28.499064
            ],
            [
              -16.1951395,
              28.4993147
            ],
            [
              -16.1952381,
              28.499579
            ],
            [
              -16.195251,
              28.4997213
            ],
            [
              -16.1952411,
              28.4998778
            ],
            [
              -16.195173,
              28.4999161
            ],
            [
              -16.194813,
              28.5000345
            ],
            [
              -16.1944499,
              28.5002043
            ],
            [
              -16.1942368,
              28.5003539
            ],
            [
              -16.1939342,
              28.5006224
            ],
            [
              -16.1936357,
              28.501094
            ],
            [
              -16.1934065,
              28.5015799
            ],
            [
              -16.1930331,
              28.5026857
            ],
            [
              -16.1928849,
              28.5028562
            ],
            [
              -16.1927506,
              28.5029244
            ],
            [
              -16.192412,
              28.5025066
            ],
            [
              -16.1923751,
              28.5025296
            ],
            [
              -16.1923664,
              28.5025761
            ],
            [
              -16.192642,
              28.5029556
            ],
            [
              -16.1925964,
              28.5030145
            ],
            [
              -16.1925327,
              28.5030475
            ],
            [
              -16.1925188,
              28.5031022
            ],
            [
              -16.1922689,
              28.5032775
            ],
            [
              -16.1920452,
              28.5033439
            ],
            [
              -16.1920296,
              28.5033462
            ],
            [
              -16.1920161,
              28.5033034
            ],
            [
              -16.1920499,
              28.5032695
            ],
            [
              -16.1920443,
              28.5032653
            ],
            [
              -16.1920271,
              28.5032523
            ],
            [
              -16.1920022,
              28.5032336
            ],
            [
              -16.1919421,
              28.5032984
            ],
            [
              -16.1920147,
              28.5034879
            ],
            [
              -16.1919364,
              28.5035507
            ],
            [
              -16.1917785,
              28.5036057
            ],
            [
              -16.1913074,
              28.5038738
            ],
            [
              -16.1911011,
              28.5038825
            ],
            [
              -16.1909106,
              28.5040287
            ],
            [
              -16.1905582,
              28.504184
            ],
            [
              -16.1901423,
              28.504409
            ],
            [
              -16.1900471,
              28.5044128
            ],
            [
              -16.1899231,
              28.5045353
            ],
            [
              -16.1898562,
              28.5046475
            ],
            [
              -16.1898266,
              28.5046529
            ],
            [
              -16.1897836,
              28.5046608
            ],
            [
              -16.1895823,
              28.5046978
            ],
            [
              -16.1891043,
              28.504757
            ],
            [
              -16.1889383,
              28.5047415
            ],
            [
              -16.1883142,
              28.5043885
            ],
            [
              -16.1882643,
              28.5043895
            ],
            [
              -16.1882551,
              28.5043965
            ],
            [
              -16.1882234,
              28.5044204
            ],
            [
              -16.1882132,
              28.5044583
            ],
            [
              -16.1882257,
              28.5045042
            ],
            [
              -16.1882716,
              28.5045446
            ],
            [
              -16.1887613,
              28.5048632
            ],
            [
              -16.1886846,
              28.504942
            ],
            [
              -16.1887839,
              28.5050141
            ],
            [
              -16.1888156,
              28.5050371
            ],
            [
              -16.1889005,
              28.5050046
            ],
            [
              -16.1889652,
              28.5050137
            ],
            [
              -16.1890205,
              28.5050655
            ],
            [
              -16.1890668,
              28.5052745
            ],
            [
              -16.1890519,
              28.5054877
            ],
            [
              -16.188585,
              28.5060347
            ],
            [
              -16.187673,
              28.5071289
            ],
            [
              -16.1875655,
              28.5072597
            ],
            [
              -16.1872275,
              28.5076707
            ],
            [
              -16.1866773,
              28.5081984
            ],
            [
              -16.1862135,
              28.5085277
            ],
            [
              -16.1857379,
              28.5088014
            ],
            [
              -16.1848754,
              28.5091947
            ],
            [
              -16.1839889,
              28.5095215
            ],
            [
              -16.1824774,
              28.5099708
            ],
            [
              -16.1821739,
              28.510061
            ],
            [
              -16.1817698,
              28.5101198
            ],
            [
              -16.1814167,
              28.5101231
            ],
            [
              -16.1810273,
              28.5100784
            ],
            [
              -16.1806754,
              28.5100065
            ],
            [
              -16.1803347,
              28.5098836
            ],
            [
              -16.1800268,
              28.5097262
            ],
            [
              -16.1795719,
              28.5092284
            ],
            [
              -16.1797089,
              28.5091211
            ],
            [
              -16.1806779,
              28.5083626
            ],
            [
              -16.1807258,
              28.5082887
            ],
            [
              -16.1807116,
              28.5081983
            ],
            [
              -16.1806496,
              28.5081376
            ],
            [
              -16.1805514,
              28.5081252
            ],
            [
              -16.1802347,
              28.508351
            ],
            [
              -16.1794125,
              28.5089735
            ],
            [
              -16.1786401,
              28.5095762
            ],
            [
              -16.1783636,
              28.5097919
            ],
            [
              -16.1782792,
              28.5097664
            ],
            [
              -16.1780086,
              28.5098148
            ],
            [
              -16.1780409,
              28.5099661
            ],
            [
              -16.1779837,
              28.5100032
            ],
            [
              -16.1779963,
              28.5101356
            ],
            [
              -16.1780549,
              28.5102473
            ],
            [
              -16.1780162,
              28.5103044
            ],
            [
              -16.1779689,
              28.5103102
            ],
            [
              -16.1778597,
              28.5101912
            ],
            [
              -16.177787,
              28.5102976
            ],
            [
              -16.1773321,
              28.5099914
            ],
            [
              -16.1772937,
              28.5100833
            ],
            [
              -16.1770449,
              28.5102034
            ],
            [
              -16.1770554,
              28.5104199
            ],
            [
              -16.1773825,
              28.5111141
            ],
            [
              -16.1771133,
              28.511326
            ],
            [
              -16.1770287,
              28.5115462
            ],
            [
              -16.1770186,
              28.5116696
            ],
            [
              -16.1770843,
              28.5117376
            ],
            [
              -16.1770458,
              28.5119376
            ],
            [
              -16.1766196,
              28.5123572
            ],
            [
              -16.1758934,
              28.5130719
            ],
            [
              -16.1757288,
              28.5131885
            ],
            [
              -16.1753017,
              28.5134939
            ],
            [
              -16.1750389,
              28.5136752
            ],
            [
              -16.1748079,
              28.5135031
            ],
            [
              -16.1743025,
              28.5137714
            ],
            [
              -16.1741356,
              28.5139006
            ],
            [
              -16.1741098,
              28.513979
            ],
            [
              -16.1740276,
              28.5140439
            ],
            [
              -16.1739511,
              28.5140729
            ],
            [
              -16.1738912,
              28.5141089
            ],
            [
              -16.173915,
              28.514145
            ],
            [
              -16.173934,
              28.5141486
            ],
            [
              -16.1739611,
              28.5142246
            ],
            [
              -16.1739939,
              28.5143699
            ],
            [
              -16.1739742,
              28.5144749
            ],
            [
              -16.1738752,
              28.5145055
            ],
            [
              -16.1738652,
              28.5146814
            ],
            [
              -16.1738276,
              28.5147104
            ],
            [
              -16.1737533,
              28.5148241
            ],
            [
              -16.1735903,
              28.5149461
            ],
            [
              -16.1734816,
              28.5150168
            ],
            [
              -16.1733543,
              28.5151758
            ],
            [
              -16.17319,
              28.5152855
            ],
            [
              -16.1730558,
              28.5154033
            ],
            [
              -16.172876,
              28.5155206
            ],
            [
              -16.1727179,
              28.5155842
            ],
            [
              -16.1725449,
              28.5156324
            ],
            [
              -16.1725125,
              28.5155834
            ],
            [
              -16.1724506,
              28.5154899
            ],
            [
              -16.1722872,
              28.5152428
            ],
            [
              -16.1716707,
              28.5156076
            ],
            [
              -16.1715067,
              28.5156942
            ],
            [
              -16.1713299,
              28.515805
            ],
            [
              -16.1713296,
              28.5158997
            ],
            [
              -16.1713947,
              28.5159659
            ],
            [
              -16.171416,
              28.5159902
            ],
            [
              -16.1714047,
              28.5160254
            ],
            [
              -16.1713594,
              28.5160529
            ],
            [
              -16.1713144,
              28.5160802
            ],
            [
              -16.1712793,
              28.5161086
            ],
            [
              -16.1712412,
              28.5161394
            ],
            [
              -16.1711492,
              28.5161891
            ],
            [
              -16.1711092,
              28.5162218
            ],
            [
              -16.1710334,
              28.5162513
            ],
            [
              -16.1710079,
              28.5162601
            ],
            [
              -16.1709687,
              28.5163079
            ],
            [
              -16.1708586,
              28.5163344
            ],
            [
              -16.1707305,
              28.5163704
            ],
            [
              -16.170566,
              28.5164298
            ],
            [
              -16.1705089,
              28.5164686
            ],
            [
              -16.1702726,
              28.5165028
            ],
            [
              -16.1701079,
              28.5165937
            ],
            [
              -16.1700338,
              28.5166656
            ],
            [
              -16.1698451,
              28.5166991
            ],
            [
              -16.1697581,
              28.5166129
            ],
            [
              -16.1696911,
              28.5165657
            ],
            [
              -16.1696066,
              28.5166202
            ],
            [
              -16.1695578,
              28.5166967
            ],
            [
              -16.1694353,
              28.5167555
            ],
            [
              -16.1692744,
              28.5167137
            ],
            [
              -16.1692764,
              28.516785
            ],
            [
              -16.169307,
              28.5168846
            ],
            [
              -16.1691683,
              28.517133
            ],
            [
              -16.1688265,
              28.5172998
            ],
            [
              -16.1686408,
              28.5174178
            ],
            [
              -16.1684837,
              28.5175176
            ],
            [
              -16.1681398,
              28.5177573
            ],
            [
              -16.1676797,
              28.518024
            ],
            [
              -16.1670323,
              28.5183415
            ],
            [
              -16.1664787,
              28.5185014
            ],
            [
              -16.1660023,
              28.5185284
            ],
            [
              -16.1655496,
              28.5184512
            ],
            [
              -16.1652721,
              28.5184558
            ],
            [
              -16.1648581,
              28.5187049
            ],
            [
              -16.1644329,
              28.519041
            ],
            [
              -16.1641248,
              28.5192243
            ],
            [
              -16.1636257,
              28.5195282
            ],
            [
              -16.1633411,
              28.5197027
            ],
            [
              -16.1632111,
              28.5197435
            ],
            [
              -16.1630031,
              28.5198088
            ],
            [
              -16.162613,
              28.5199034
            ],
            [
              -16.1623994,
              28.5198082
            ],
            [
              -16.1623477,
              28.5198518
            ],
            [
              -16.1623931,
              28.5199375
            ],
            [
              -16.1623449,
              28.5200025
            ],
            [
              -16.1621594,
              28.5200357
            ],
            [
              -16.1619398,
              28.5200091
            ],
            [
              -16.1618419,
              28.5199471
            ],
            [
              -16.1617764,
              28.5198329
            ],
            [
              -16.1616545,
              28.5197819
            ],
            [
              -16.1613367,
              28.5198633
            ],
            [
              -16.1610136,
              28.5201157
            ],
            [
              -16.1606206,
              28.5199862
            ],
            [
              -16.1605726,
              28.5202604
            ],
            [
              -16.1604059,
              28.5206263
            ],
            [
              -16.1602884,
              28.5207398
            ],
            [
              -16.1600529,
              28.520829
            ],
            [
              -16.1599129,
              28.5209687
            ],
            [
              -16.1598116,
              28.5210935
            ],
            [
              -16.1585614,
              28.521844
            ],
            [
              -16.1572637,
              28.5223702
            ],
            [
              -16.1568213,
              28.5225778
            ],
            [
              -16.1562389,
              28.5228316
            ],
            [
              -16.1556906,
              28.5228406
            ],
            [
              -16.1553844,
              28.5227925
            ],
            [
              -16.1553011,
              28.5227605
            ],
            [
              -16.155039,
              28.5227149
            ],
            [
              -16.1541947,
              28.522508
            ],
            [
              -16.1539933,
              28.5224768
            ],
            [
              -16.1538259,
              28.5224833
            ],
            [
              -16.1536393,
              28.5225093
            ],
            [
              -16.1525972,
              28.5229622
            ],
            [
              -16.1524692,
              28.5230557
            ],
            [
              -16.1523696,
              28.5230975
            ],
            [
              -16.1522955,
              28.5231217
            ],
            [
              -16.1522027,
              28.5231537
            ],
            [
              -16.1520233,
              28.5231983
            ],
            [
              -16.151907,
              28.5232204
            ],
            [
              -16.151779,
              28.5232559
            ],
            [
              -16.1515494,
              28.5233479
            ],
            [
              -16.1515194,
              28.5233529
            ],
            [
              -16.1509082,
              28.5232177
            ],
            [
              -16.1502237,
              28.5230465
            ],
            [
              -16.1494224,
              28.5228278
            ],
            [
              -16.1490584,
              28.5228413
            ],
            [
              -16.1485231,
              28.5227546
            ],
            [
              -16.1472705,
              28.5221192
            ],
            [
              -16.1469662,
              28.5221214
            ],
            [
              -16.1466861,
              28.521965
            ],
            [
              -16.1466567,
              28.5218349
            ],
            [
              -16.1465108,
              28.5216665
            ],
            [
              -16.146368,
              28.5216084
            ],
            [
              -16.1463477,
              28.5217297
            ],
            [
              -16.1463359,
              28.5218
            ],
            [
              -16.1462772,
              28.5218447
            ],
            [
              -16.1462094,
              28.5218215
            ],
            [
              -16.1461979,
              28.5217128
            ],
            [
              -16.1461001,
              28.5217237
            ],
            [
              -16.1459931,
              28.5216532
            ],
            [
              -16.1459757,
              28.5218382
            ],
            [
              -16.1458719,
              28.5218938
            ],
            [
              -16.1457377,
              28.5218991
            ],
            [
              -16.1457146,
              28.5216991
            ],
            [
              -16.1456787,
              28.5216924
            ],
            [
              -16.1455978,
              28.5217212
            ],
            [
              -16.1455815,
              28.5218347
            ],
            [
              -16.1455187,
              28.5218934
            ],
            [
              -16.1453556,
              28.5217505
            ],
            [
              -16.1452164,
              28.5217009
            ],
            [
              -16.1452021,
              28.5215691
            ],
            [
              -16.1450617,
              28.5215541
            ],
            [
              -16.1447795,
              28.5213806
            ],
            [
              -16.1445947,
              28.5213735
            ],
            [
              -16.1446958,
              28.521526
            ],
            [
              -16.1443976,
              28.5216119
            ],
            [
              -16.1442994,
              28.5215569
            ],
            [
              -16.1441602,
              28.5213569
            ],
            [
              -16.143956,
              28.5212688
            ],
            [
              -16.1439548,
              28.5211027
            ],
            [
              -16.1438895,
              28.5211091
            ],
            [
              -16.143685,
              28.5213297
            ],
            [
              -16.143356,
              28.5214178
            ],
            [
              -16.1431352,
              28.521358
            ],
            [
              -16.1431258,
              28.5214025
            ],
            [
              -16.1432416,
              28.5215053
            ],
            [
              -16.1431524,
              28.5217234
            ],
            [
              -16.1432089,
              28.5218049
            ],
            [
              -16.1435019,
              28.5217347
            ],
            [
              -16.1437188,
              28.5215475
            ],
            [
              -16.1438337,
              28.5215931
            ],
            [
              -16.143869,
              28.5218008
            ],
            [
              -16.1436642,
              28.5218269
            ],
            [
              -16.1435878,
              28.5219605
            ],
            [
              -16.1434687,
              28.5219906
            ],
            [
              -16.1433238,
              28.5222088
            ],
            [
              -16.1429688,
              28.5225339
            ],
            [
              -16.1429813,
              28.5225774
            ],
            [
              -16.1432096,
              28.5224297
            ],
            [
              -16.1433345,
              28.522407
            ],
            [
              -16.143312,
              28.5225659
            ],
            [
              -16.1431332,
              28.5227215
            ],
            [
              -16.1432632,
              28.5228862
            ],
            [
              -16.143404,
              28.5228343
            ],
            [
              -16.1435287,
              28.5228811
            ],
            [
              -16.1434649,
              28.5230298
            ],
            [
              -16.1435908,
              28.523155
            ],
            [
              -16.1437001,
              28.5236092
            ],
            [
              -16.1436434,
              28.5237255
            ],
            [
              -16.1433622,
              28.523815
            ],
            [
              -16.1433602,
              28.5239587
            ],
            [
              -16.142995,
              28.5240048
            ],
            [
              -16.1432985,
              28.5242824
            ],
            [
              -16.1432848,
              28.5243648
            ],
            [
              -16.1431912,
              28.5244656
            ],
            [
              -16.1433186,
              28.5246708
            ],
            [
              -16.1433009,
              28.524834
            ],
            [
              -16.1432375,
              28.5249292
            ],
            [
              -16.1431749,
              28.5249909
            ],
            [
              -16.1431017,
              28.5249223
            ],
            [
              -16.1427575,
              28.5250083
            ],
            [
              -16.1428381,
              28.5252686
            ],
            [
              -16.1427698,
              28.5253666
            ],
            [
              -16.1426381,
              28.5253889
            ],
            [
              -16.1425057,
              28.5255249
            ],
            [
              -16.1422764,
              28.5254693
            ],
            [
              -16.1422145,
              28.5255703
            ],
            [
              -16.1420777,
              28.5254971
            ],
            [
              -16.1419189,
              28.5255041
            ],
            [
              -16.1417673,
              28.5254417
            ],
            [
              -16.1417133,
              28.5254496
            ],
            [
              -16.1416757,
              28.5255857
            ],
            [
              -16.1415421,
              28.5254622
            ],
            [
              -16.1411853,
              28.5255256
            ],
            [
              -16.1413717,
              28.5256568
            ],
            [
              -16.1412832,
              28.5259002
            ],
            [
              -16.141116,
              28.5260254
            ],
            [
              -16.1411185,
              28.5262742
            ],
            [
              -16.1409595,
              28.5263054
            ],
            [
              -16.1408811,
              28.5262319
            ],
            [
              -16.1407467,
              28.5262075
            ],
            [
              -16.1406996,
              28.5260871
            ],
            [
              -16.1405619,
              28.5260757
            ],
            [
              -16.1404618,
              28.5261704
            ],
            [
              -16.1405516,
              28.5262876
            ],
            [
              -16.1405323,
              28.5264651
            ],
            [
              -16.1403855,
              28.5265328
            ],
            [
              -16.1401976,
              28.5267168
            ],
            [
              -16.1400606,
              28.5266713
            ],
            [
              -16.1401295,
              28.5267871
            ],
            [
              -16.1401169,
              28.5268605
            ],
            [
              -16.1399485,
              28.5268337
            ],
            [
              -16.139874,
              28.5267345
            ],
            [
              -16.1397899,
              28.5267986
            ],
            [
              -16.1396781,
              28.5267672
            ],
            [
              -16.1395201,
              28.5269124
            ],
            [
              -16.1394285,
              28.5269115
            ],
            [
              -16.1393583,
              28.5268783
            ],
            [
              -16.1393451,
              28.5268125
            ],
            [
              -16.1392275,
              28.5268575
            ],
            [
              -16.1391415,
              28.5268322
            ],
            [
              -16.1390543,
              28.5267331
            ],
            [
              -16.1389208,
              28.5267614
            ],
            [
              -16.1389165,
              28.5268404
            ],
            [
              -16.1386422,
              28.5268899
            ],
            [
              -16.1387683,
              28.5270243
            ],
            [
              -16.13871,
              28.5272715
            ],
            [
              -16.1385707,
              28.5270833
            ],
            [
              -16.1384819,
              28.5270919
            ],
            [
              -16.1384515,
              28.5275192
            ],
            [
              -16.1385978,
              28.5278121
            ],
            [
              -16.1392665,
              28.5283631
            ],
            [
              -16.1395562,
              28.5288069
            ],
            [
              -16.1396297,
              28.5288708
            ],
            [
              -16.1397546,
              28.5288706
            ],
            [
              -16.1398206,
              28.5289638
            ],
            [
              -16.1397862,
              28.5291294
            ],
            [
              -16.1397133,
              28.5291918
            ],
            [
              -16.1393902,
              28.5292289
            ],
            [
              -16.1392887,
              28.5292915
            ],
            [
              -16.1395218,
              28.5294613
            ],
            [
              -16.1395281,
              28.5295997
            ],
            [
              -16.1392052,
              28.529746
            ],
            [
              -16.1393094,
              28.5300158
            ],
            [
              -16.1391593,
              28.5300816
            ],
            [
              -16.1391709,
              28.5302049
            ],
            [
              -16.1390035,
              28.5302719
            ],
            [
              -16.1390127,
              28.53031
            ],
            [
              -16.1391479,
              28.5303556
            ],
            [
              -16.13897,
              28.5307151
            ],
            [
              -16.1386686,
              28.5311267
            ],
            [
              -16.1382618,
              28.5315429
            ],
            [
              -16.138203,
              28.5316174
            ],
            [
              -16.138151,
              28.5316849
            ],
            [
              -16.1380124,
              28.5318193
            ],
            [
              -16.1379081,
              28.5319764
            ],
            [
              -16.1377406,
              28.5322285
            ],
            [
              -16.1372617,
              28.5326868
            ],
            [
              -16.1368407,
              28.5329034
            ],
            [
              -16.1366689,
              28.5330297
            ],
            [
              -16.1364836,
              28.5332314
            ],
            [
              -16.1362981,
              28.5331252
            ],
            [
              -16.1361893,
              28.5333855
            ],
            [
              -16.1360253,
              28.5334483
            ],
            [
              -16.1358058,
              28.5334586
            ],
            [
              -16.1355412,
              28.5335778
            ],
            [
              -16.1354625,
              28.5337416
            ],
            [
              -16.1353384,
              28.5338458
            ],
            [
              -16.1347528,
              28.53389
            ],
            [
              -16.1344981,
              28.5337183
            ],
            [
              -16.13435,
              28.5337442
            ],
            [
              -16.1343499,
              28.5338378
            ],
            [
              -16.1338194,
              28.534418
            ],
            [
              -16.1331627,
              28.5346909
            ],
            [
              -16.132565,
              28.5349191
            ],
            [
              -16.1318657,
              28.5350825
            ],
            [
              -16.1316997,
              28.5351005
            ],
            [
              -16.131283,
              28.5351277
            ],
            [
              -16.1306342,
              28.5351372
            ],
            [
              -16.1297597,
              28.5349663
            ],
            [
              -16.1296772,
              28.5345975
            ],
            [
              -16.129741,
              28.5345175
            ],
            [
              -16.1296407,
              28.5344587
            ],
            [
              -16.1295149,
              28.5339164
            ],
            [
              -16.1291681,
              28.5337007
            ],
            [
              -16.1293674,
              28.5336807
            ],
            [
              -16.1294897,
              28.5337835
            ],
            [
              -16.1295267,
              28.5337537
            ],
            [
              -16.1293859,
              28.5336356
            ],
            [
              -16.1290614,
              28.5336668
            ],
            [
              -16.128572,
              28.5334144
            ],
            [
              -16.1284046,
              28.5333204
            ],
            [
              -16.1283169,
              28.5331259
            ],
            [
              -16.1280308,
              28.5328407
            ],
            [
              -16.127862,
              28.5327302
            ],
            [
              -16.1277618,
              28.5326035
            ],
            [
              -16.1272704,
              28.5324179
            ],
            [
              -16.1271619,
              28.5321326
            ],
            [
              -16.1270564,
              28.5320859
            ],
            [
              -16.1269731,
              28.5321472
            ],
            [
              -16.1267005,
              28.532157
            ],
            [
              -16.1264113,
              28.5319536
            ],
            [
              -16.1262975,
              28.5319383
            ],
            [
              -16.1260397,
              28.5320608
            ],
            [
              -16.1257161,
              28.5320741
            ],
            [
              -16.1255784,
              28.5321355
            ],
            [
              -16.1259047,
              28.5327744
            ],
            [
              -16.1259036,
              28.532827
            ],
            [
              -16.125807,
              28.5328481
            ],
            [
              -16.1257808,
              28.5330845
            ],
            [
              -16.125689,
              28.5331391
            ],
            [
              -16.1254626,
              28.5329718
            ],
            [
              -16.1253684,
              28.5328075
            ],
            [
              -16.1250978,
              28.5327076
            ],
            [
              -16.1250223,
              28.532755
            ],
            [
              -16.125226,
              28.5331403
            ],
            [
              -16.1252543,
              28.5334053
            ],
            [
              -16.125348,
              28.533663
            ],
            [
              -16.1254518,
              28.5337876
            ],
            [
              -16.125604,
              28.5338732
            ],
            [
              -16.1257794,
              28.534113
            ],
            [
              -16.1257933,
              28.5341985
            ],
            [
              -16.12589,
              28.5342603
            ],
            [
              -16.1259052,
              28.5343604
            ],
            [
              -16.1260509,
              28.5343514
            ],
            [
              -16.1261511,
              28.5340666
            ],
            [
              -16.1261863,
              28.534136
            ],
            [
              -16.1265018,
              28.5342959
            ],
            [
              -16.126592,
              28.5343888
            ],
            [
              -16.1264741,
              28.5345777
            ],
            [
              -16.1266185,
              28.5346434
            ],
            [
              -16.1266245,
              28.534759
            ],
            [
              -16.1269127,
              28.534784
            ],
            [
              -16.1269237,
              28.534846
            ],
            [
              -16.126758,
              28.5351509
            ],
            [
              -16.1268383,
              28.5352568
            ],
            [
              -16.1269472,
              28.5352628
            ],
            [
              -16.1274281,
              28.5350803
            ],
            [
              -16.1279685,
              28.5352021
            ],
            [
              -16.1278519,
              28.5352542
            ],
            [
              -16.1279643,
              28.5353774
            ],
            [
              -16.1279741,
              28.5354685
            ],
            [
              -16.1278087,
              28.5353503
            ],
            [
              -16.1274088,
              28.5353615
            ],
            [
              -16.1272611,
              28.5354372
            ],
            [
              -16.1271741,
              28.5355712
            ],
            [
              -16.1272099,
              28.535653
            ],
            [
              -16.1273557,
              28.5355518
            ],
            [
              -16.1275065,
              28.5355251
            ],
            [
              -16.1274772,
              28.5355841
            ],
            [
              -16.1275129,
              28.535636
            ],
            [
              -16.1277534,
              28.5356021
            ],
            [
              -16.1278218,
              28.5356304
            ],
            [
              -16.127676,
              28.5357066
            ],
            [
              -16.1276683,
              28.5357909
            ],
            [
              -16.1281092,
              28.5357394
            ],
            [
              -16.1282757,
              28.5357799
            ],
            [
              -16.1289193,
              28.5360988
            ],
            [
              -16.1292149,
              28.5361815
            ],
            [
              -16.1293821,
              28.5363101
            ],
            [
              -16.1294506,
              28.5364732
            ],
            [
              -16.1294439,
              28.5367598
            ],
            [
              -16.1293978,
              28.5368663
            ],
            [
              -16.1292813,
              28.5368698
            ],
            [
              -16.129204,
              28.5369401
            ],
            [
              -16.129195,
              28.5372528
            ],
            [
              -16.1291297,
              28.5372268
            ],
            [
              -16.1290525,
              28.5373059
            ],
            [
              -16.1289332,
              28.5376153
            ],
            [
              -16.1286869,
              28.5377027
            ],
            [
              -16.1287578,
              28.5377815
            ],
            [
              -16.1286829,
              28.5379149
            ],
            [
              -16.1284617,
              28.5380539
            ],
            [
              -16.1283751,
              28.5381623
            ],
            [
              -16.1283945,
              28.5383531
            ],
            [
              -16.1286315,
              28.5384452
            ],
            [
              -16.1288282,
              28.5385985
            ],
            [
              -16.1288788,
              28.5387521
            ],
            [
              -16.128859,
              28.5390074
            ],
            [
              -16.1286046,
              28.539405
            ],
            [
              -16.1282542,
              28.539785
            ],
            [
              -16.1273763,
              28.5405513
            ],
            [
              -16.1272212,
              28.5411119
            ],
            [
              -16.1271989,
              28.5412702
            ],
            [
              -16.1272848,
              28.5413597
            ],
            [
              -16.1276551,
              28.5412678
            ],
            [
              -16.1277613,
              28.5411537
            ],
            [
              -16.1278781,
              28.5411692
            ],
            [
              -16.1278859,
              28.541333
            ],
            [
              -16.1273765,
              28.5420297
            ],
            [
              -16.1273253,
              28.5422032
            ],
            [
              -16.1273626,
              28.5424046
            ],
            [
              -16.1273286,
              28.5424939
            ],
            [
              -16.1268109,
              28.542924
            ],
            [
              -16.1267664,
              28.5430475
            ],
            [
              -16.1267678,
              28.5433154
            ],
            [
              -16.12663,
              28.5434207
            ],
            [
              -16.1266332,
              28.5434595
            ],
            [
              -16.1268127,
              28.5435577
            ],
            [
              -16.126814,
              28.543644
            ],
            [
              -16.1265304,
              28.5437195
            ],
            [
              -16.1265755,
              28.5437781
            ],
            [
              -16.1268882,
              28.543784
            ],
            [
              -16.1269895,
              28.5439336
            ],
            [
              -16.1271266,
              28.5439508
            ],
            [
              -16.1273416,
              28.5441105
            ],
            [
              -16.1271718,
              28.5442579
            ],
            [
              -16.1271634,
              28.5443393
            ],
            [
              -16.1273153,
              28.5447236
            ],
            [
              -16.1273463,
              28.545167
            ],
            [
              -16.1272871,
              28.545626
            ],
            [
              -16.127328,
              28.5461008
            ],
            [
              -16.127318,
              28.5464616
            ],
            [
              -16.1272724,
              28.5467271
            ],
            [
              -16.1270164,
              28.5468798
            ],
            [
              -16.1268513,
              28.5473199
            ],
            [
              -16.1266165,
              28.5475831
            ],
            [
              -16.1266085,
              28.5476531
            ],
            [
              -16.1266244,
              28.5477163
            ],
            [
              -16.1267129,
              28.5477477
            ],
            [
              -16.1267317,
              28.5478662
            ],
            [
              -16.1267219,
              28.5479785
            ],
            [
              -16.1266626,
              28.5480908
            ],
            [
              -16.1265446,
              28.5482617
            ],
            [
              -16.1264139,
              28.548301
            ],
            [
              -16.1263026,
              28.5483881
            ],
            [
              -16.1262338,
              28.5484797
            ],
            [
              -16.126211,
              28.548541
            ],
            [
              -16.1261494,
              28.5485641
            ],
            [
              -16.1258435,
              28.5485562
            ],
            [
              -16.1255683,
              28.5486659
            ],
            [
              -16.1253614,
              28.5488415
            ],
            [
              -16.1251302,
              28.5492315
            ],
            [
              -16.125096,
              28.5493746
            ],
            [
              -16.125129,
              28.5495536
            ],
            [
              -16.1247819,
              28.5497294
            ],
            [
              -16.1246209,
              28.5497541
            ],
            [
              -16.1245871,
              28.549883
            ],
            [
              -16.1244312,
              28.550016
            ],
            [
              -16.1242938,
              28.5500709
            ],
            [
              -16.1240779,
              28.5500547
            ],
            [
              -16.1236715,
              28.5501098
            ],
            [
              -16.1236391,
              28.5502905
            ],
            [
              -16.1235317,
              28.5503682
            ],
            [
              -16.1233013,
              28.5504049
            ],
            [
              -16.123193,
              28.5505216
            ],
            [
              -16.1228095,
              28.550731
            ],
            [
              -16.1224498,
              28.5507252
            ],
            [
              -16.1222696,
              28.5508911
            ],
            [
              -16.1219082,
              28.5510691
            ],
            [
              -16.1216717,
              28.5511107
            ],
            [
              -16.1215577,
              28.5511067
            ],
            [
              -16.1213601,
              28.5510997
            ],
            [
              -16.1210851,
              28.551199
            ],
            [
              -16.1209108,
              28.5513176
            ],
            [
              -16.120783,
              28.551264
            ],
            [
              -16.1207775,
              28.5514812
            ],
            [
              -16.12066,
              28.5515484
            ],
            [
              -16.1205408,
              28.5517861
            ],
            [
              -16.1203603,
              28.5520047
            ],
            [
              -16.1202255,
              28.5525887
            ],
            [
              -16.119898,
              28.5526631
            ],
            [
              -16.1199141,
              28.5527578
            ],
            [
              -16.1201465,
              28.5528241
            ],
            [
              -16.1201036,
              28.5530429
            ],
            [
              -16.1200719,
              28.5530918
            ],
            [
              -16.1199809,
              28.5530182
            ],
            [
              -16.1198511,
              28.5530978
            ],
            [
              -16.119733,
              28.5533122
            ],
            [
              -16.1197287,
              28.5533568
            ],
            [
              -16.1197985,
              28.5534022
            ],
            [
              -16.1197759,
              28.5534581
            ],
            [
              -16.1196581,
              28.5534516
            ],
            [
              -16.1195448,
              28.5533503
            ],
            [
              -16.1194856,
              28.5535251
            ],
            [
              -16.1193833,
              28.5536005
            ],
            [
              -16.1193902,
              28.5536451
            ],
            [
              -16.11966,
              28.5536581
            ],
            [
              -16.1198597,
              28.5537465
            ],
            [
              -16.1204765,
              28.553546
            ],
            [
              -16.120574,
              28.5536287
            ],
            [
              -16.1206053,
              28.5538275
            ],
            [
              -16.1205894,
              28.5541088
            ],
            [
              -16.1205313,
              28.5542587
            ],
            [
              -16.1204751,
              28.5542592
            ],
            [
              -16.1203252,
              28.5540563
            ],
            [
              -16.1198747,
              28.554105
            ],
            [
              -16.1199906,
              28.5542475
            ],
            [
              -16.1200866,
              28.5542739
            ],
            [
              -16.1203122,
              28.5542025
            ],
            [
              -16.1204045,
              28.5542495
            ],
            [
              -16.1204595,
              28.5543524
            ],
            [
              -16.120461,
              28.5545068
            ],
            [
              -16.1203376,
              28.5545735
            ],
            [
              -16.1198417,
              28.5544471
            ],
            [
              -16.1197375,
              28.5544556
            ],
            [
              -16.1196779,
              28.5545198
            ],
            [
              -16.1197083,
              28.5545802
            ],
            [
              -16.1199351,
              28.5545644
            ],
            [
              -16.1199516,
              28.554652
            ],
            [
              -16.1198453,
              28.5547772
            ],
            [
              -16.1198776,
              28.554848
            ],
            [
              -16.1200612,
              28.5548947
            ],
            [
              -16.119939,
              28.5552208
            ],
            [
              -16.1196927,
              28.5551985
            ],
            [
              -16.1195271,
              28.5555423
            ],
            [
              -16.119427,
              28.5555958
            ],
            [
              -16.1194495,
              28.5557986
            ],
            [
              -16.1195284,
              28.5558988
            ],
            [
              -16.1195069,
              28.5560557
            ],
            [
              -16.119674,
              28.5562001
            ],
            [
              -16.1198888,
              28.556927
            ],
            [
              -16.1199195,
              28.5570537
            ],
            [
              -16.1198264,
              28.5570747
            ],
            [
              -16.1200206,
              28.5573015
            ],
            [
              -16.1199038,
              28.5573461
            ],
            [
              -16.1198854,
              28.5574832
            ],
            [
              -16.1200833,
              28.5577681
            ],
            [
              -16.1207001,
              28.5583299
            ],
            [
              -16.1207573,
              28.5584747
            ],
            [
              -16.1207446,
              28.5589541
            ],
            [
              -16.1203883,
              28.5588157
            ],
            [
              -16.1203113,
              28.5588438
            ],
            [
              -16.1202767,
              28.5589367
            ],
            [
              -16.120527,
              28.5590084
            ],
            [
              -16.1205715,
              28.5590753
            ],
            [
              -16.1203888,
              28.5590736
            ],
            [
              -16.1204118,
              28.559128
            ],
            [
              -16.1206758,
              28.5592736
            ],
            [
              -16.1201795,
              28.5592416
            ],
            [
              -16.1199223,
              28.5593154
            ],
            [
              -16.1199576,
              28.5593635
            ],
            [
              -16.1206417,
              28.5595125
            ],
            [
              -16.1209565,
              28.5595062
            ],
            [
              -16.1210699,
              28.5594711
            ],
            [
              -16.1212419,
              28.5593306
            ],
            [
              -16.1214154,
              28.5590465
            ],
            [
              -16.1216577,
              28.5590239
            ],
            [
              -16.121951,
              28.5591435
            ],
            [
              -16.1219252,
              28.5593384
            ],
            [
              -16.1219698,
              28.5596032
            ],
            [
              -16.1220455,
              28.5596558
            ],
            [
              -16.1223025,
              28.5595748
            ],
            [
              -16.1227718,
              28.5596264
            ],
            [
              -16.1229703,
              28.5597146
            ],
            [
              -16.1230289,
              28.5598618
            ],
            [
              -16.1227931,
              28.559915
            ],
            [
              -16.1227679,
              28.5600142
            ],
            [
              -16.1226436,
              28.5601441
            ],
            [
              -16.1226351,
              28.5602388
            ],
            [
              -16.1227093,
              28.5602665
            ],
            [
              -16.122809,
              28.5602321
            ],
            [
              -16.1232082,
              28.5602364
            ],
            [
              -16.1233395,
              28.5602968
            ],
            [
              -16.1233979,
              28.5603626
            ],
            [
              -16.1233844,
              28.5604543
            ],
            [
              -16.1235985,
              28.5605626
            ],
            [
              -16.1237591,
              28.5607071
            ],
            [
              -16.1237997,
              28.5608076
            ],
            [
              -16.1237034,
              28.5608903
            ],
            [
              -16.1238319,
              28.5609293
            ],
            [
              -16.123974,
              28.5611094
            ],
            [
              -16.1238751,
              28.5612351
            ],
            [
              -16.123592,
              28.5612897
            ],
            [
              -16.123326,
              28.5612444
            ],
            [
              -16.1232053,
              28.5612711
            ],
            [
              -16.1228164,
              28.5614526
            ],
            [
              -16.1227827,
              28.5615807
            ],
            [
              -16.122973,
              28.5617134
            ],
            [
              -16.1242219,
              28.5617034
            ],
            [
              -16.1242651,
              28.561616
            ],
            [
              -16.124418,
              28.5616972
            ],
            [
              -16.1247998,
              28.561785
            ],
            [
              -16.1252744,
              28.5618189
            ],
            [
              -16.1255305,
              28.5621178
            ],
            [
              -16.1256237,
              28.5626916
            ],
            [
              -16.1255837,
              28.5628691
            ],
            [
              -16.1254927,
              28.5630508
            ],
            [
              -16.1254763,
              28.5632026
            ],
            [
              -16.1254406,
              28.5633275
            ],
            [
              -16.125214,
              28.5633328
            ],
            [
              -16.1245201,
              28.5631992
            ],
            [
              -16.1244454,
              28.5632557
            ],
            [
              -16.1245187,
              28.5633436
            ],
            [
              -16.1247715,
              28.5634319
            ],
            [
              -16.1250978,
              28.5633849
            ],
            [
              -16.1250413,
              28.5634461
            ],
            [
              -16.1257707,
              28.5636037
            ],
            [
              -16.1260027,
              28.5635201
            ],
            [
              -16.1263789,
              28.5635856
            ],
            [
              -16.1267154,
              28.5637373
            ],
            [
              -16.1267136,
              28.563838
            ],
            [
              -16.1266361,
              28.5639163
            ],
            [
              -16.126307,
              28.563849
            ],
            [
              -16.1262454,
              28.5638874
            ],
            [
              -16.1265812,
              28.5640507
            ],
            [
              -16.1266555,
              28.5641417
            ],
            [
              -16.126389,
              28.5641382
            ],
            [
              -16.1263837,
              28.5642299
            ],
            [
              -16.1261906,
              28.5642292
            ],
            [
              -16.1261059,
              28.5642955
            ],
            [
              -16.1261691,
              28.5643825
            ],
            [
              -16.1261113,
              28.5644081
            ],
            [
              -16.1261306,
              28.5644864
            ],
            [
              -16.1262198,
              28.5645797
            ],
            [
              -16.1260627,
              28.5646459
            ],
            [
              -16.1265301,
              28.5650282
            ],
            [
              -16.1265817,
              28.5651865
            ],
            [
              -16.1265331,
              28.5652999
            ],
            [
              -16.1266524,
              28.5654451
            ],
            [
              -16.1266716,
              28.565782
            ],
            [
              -16.1265024,
              28.5660234
            ],
            [
              -16.1264267,
              28.5665741
            ],
            [
              -16.1263378,
              28.5667392
            ],
            [
              -16.1260768,
              28.5670172
            ],
            [
              -16.1259717,
              28.5670627
            ],
            [
              -16.1258004,
              28.5670439
            ],
            [
              -16.1257412,
              28.5671491
            ],
            [
              -16.1257406,
              28.5673348
            ],
            [
              -16.1255117,
              28.567322
            ],
            [
              -16.1254141,
              28.5673899
            ],
            [
              -16.12545,
              28.5674796
            ],
            [
              -16.1254225,
              28.5675597
            ],
            [
              -16.1252887,
              28.5674152
            ],
            [
              -16.1251873,
              28.5674352
            ],
            [
              -16.125116,
              28.5675284
            ],
            [
              -16.1251627,
              28.567631
            ],
            [
              -16.1253753,
              28.5677013
            ],
            [
              -16.1254657,
              28.5679027
            ],
            [
              -16.1255248,
              28.567935
            ],
            [
              -16.1256349,
              28.5678996
            ],
            [
              -16.1258942,
              28.5680482
            ],
            [
              -16.1259699,
              28.5682519
            ],
            [
              -16.1259553,
              28.5684594
            ],
            [
              -16.1260408,
              28.5685342
            ],
            [
              -16.1261084,
              28.5687411
            ],
            [
              -16.1260987,
              28.5688926
            ],
            [
              -16.1261932,
              28.5690131
            ],
            [
              -16.1264578,
              28.5691568
            ],
            [
              -16.1265498,
              28.5692994
            ],
            [
              -16.1265951,
              28.5697822
            ],
            [
              -16.1265224,
              28.5700579
            ],
            [
              -16.1266291,
              28.5702407
            ],
            [
              -16.1266505,
              28.5703404
            ],
            [
              -16.1265636,
              28.5703767
            ],
            [
              -16.1265189,
              28.5704872
            ],
            [
              -16.1265561,
              28.5706008
            ],
            [
              -16.1266851,
              28.5705969
            ],
            [
              -16.1266488,
              28.5708236
            ],
            [
              -16.1267387,
              28.5709628
            ],
            [
              -16.1269854,
              28.5709827
            ],
            [
              -16.1272517,
              28.5712013
            ],
            [
              -16.1271953,
              28.5714372
            ],
            [
              -16.1272458,
              28.5716503
            ],
            [
              -16.1274789,
              28.5717046
            ],
            [
              -16.127691,
              28.5718097
            ],
            [
              -16.1277947,
              28.571842
            ],
            [
              -16.1280324,
              28.5719669
            ],
            [
              -16.1282,
              28.5719994
            ],
            [
              -16.1283372,
              28.5719987
            ],
            [
              -16.1284486,
              28.5720947
            ],
            [
              -16.1285513,
              28.5721735
            ],
            [
              -16.1285495,
              28.5724041
            ],
            [
              -16.1282362,
              28.5726911
            ],
            [
              -16.1285596,
              28.5727923
            ],
            [
              -16.1290027,
              28.5728491
            ],
            [
              -16.129373,
              28.5730294
            ],
            [
              -16.1296904,
              28.573298
            ],
            [
              -16.1299123,
              28.5734187
            ],
            [
              -16.130311,
              28.5736354
            ],
            [
              -16.1305892,
              28.5735608
            ],
            [
              -16.1310008,
              28.5735895
            ],
            [
              -16.1312555,
              28.5739666
            ],
            [
              -16.1314946,
              28.5740503
            ],
            [
              -16.1316284,
              28.5741897
            ],
            [
              -16.1316376,
              28.5742828
            ],
            [
              -16.1314186,
              28.5744374
            ],
            [
              -16.1315308,
              28.5745459
            ],
            [
              -16.1316851,
              28.5745368
            ],
            [
              -16.1316612,
              28.5747266
            ],
            [
              -16.1317457,
              28.5747826
            ],
            [
              -16.1319055,
              28.5747645
            ],
            [
              -16.1320381,
              28.5745717
            ],
            [
              -16.1321734,
              28.5746373
            ],
            [
              -16.1325067,
              28.5744349
            ],
            [
              -16.1326297,
              28.5742757
            ],
            [
              -16.1325045,
              28.5741396
            ],
            [
              -16.1325142,
              28.5739891
            ],
            [
              -16.1326062,
              28.5737443
            ],
            [
              -16.1328075,
              28.5735421
            ],
            [
              -16.1333214,
              28.5735128
            ],
            [
              -16.1335854,
              28.5735652
            ],
            [
              -16.1337688,
              28.5736653
            ],
            [
              -16.1338669,
              28.5738367
            ],
            [
              -16.1340738,
              28.5739169
            ],
            [
              -16.1341406,
              28.5744489
            ],
            [
              -16.1340865,
              28.5746332
            ],
            [
              -16.1341021,
              28.5748813
            ],
            [
              -16.1342169,
              28.5751026
            ],
            [
              -16.1345381,
              28.5753804
            ],
            [
              -16.1346772,
              28.5757055
            ],
            [
              -16.1346448,
              28.5758698
            ],
            [
              -16.1345439,
              28.5759021
            ],
            [
              -16.1342285,
              28.576271
            ],
            [
              -16.1341822,
              28.5764614
            ],
            [
              -16.134302,
              28.5765475
            ],
            [
              -16.1347126,
              28.5764594
            ],
            [
              -16.1349237,
              28.5765988
            ],
            [
              -16.1350901,
              28.5768342
            ],
            [
              -16.1351771,
              28.5771438
            ],
            [
              -16.1351649,
              28.5774628
            ],
            [
              -16.1349659,
              28.5778243
            ],
            [
              -16.1349371,
              28.5781689
            ],
            [
              -16.1348265,
              28.5782645
            ],
            [
              -16.1349245,
              28.5784166
            ],
            [
              -16.1349242,
              28.578566
            ],
            [
              -16.1349383,
              28.5786763
            ],
            [
              -16.1349888,
              28.5788921
            ],
            [
              -16.1349268,
              28.5790501
            ],
            [
              -16.1348406,
              28.5791584
            ],
            [
              -16.1346554,
              28.5791738
            ],
            [
              -16.1345366,
              28.5790097
            ],
            [
              -16.134384,
              28.5790275
            ],
            [
              -16.1342867,
              28.5791052
            ],
            [
              -16.1342511,
              28.5792611
            ],
            [
              -16.1343003,
              28.5793753
            ],
            [
              -16.1343652,
              28.5794096
            ],
            [
              -16.134301,
              28.5795023
            ],
            [
              -16.1343452,
              28.5795406
            ],
            [
              -16.1343038,
              28.5797116
            ],
            [
              -16.1343479,
              28.5797243
            ],
            [
              -16.1344047,
              28.5795491
            ],
            [
              -16.1348343,
              28.5796299
            ],
            [
              -16.1348503,
              28.5798121
            ],
            [
              -16.134738,
              28.5800883
            ],
            [
              -16.1346246,
              28.5802684
            ],
            [
              -16.1344247,
              28.5803614
            ],
            [
              -16.1342791,
              28.5804152
            ],
            [
              -16.1340733,
              28.5803137
            ],
            [
              -16.1337685,
              28.5801982
            ],
            [
              -16.1335157,
              28.5802134
            ],
            [
              -16.1334707,
              28.5803077
            ],
            [
              -16.1337443,
              28.5804597
            ],
            [
              -16.1339351,
              28.5805322
            ],
            [
              -16.1340084,
              28.5806642
            ],
            [
              -16.1339326,
              28.5808068
            ],
            [
              -16.1337582,
              28.5808358
            ],
            [
              -16.1335478,
              28.5807547
            ],
            [
              -16.133332,
              28.5807545
            ],
            [
              -16.1331314,
              28.5807243
            ],
            [
              -16.1329132,
              28.5805266
            ],
            [
              -16.1326812,
              28.580484
            ],
            [
              -16.132553,
              28.5806391
            ],
            [
              -16.1324942,
              28.5808033
            ],
            [
              -16.132366,
              28.5808459
            ],
            [
              -16.1325011,
              28.5809189
            ],
            [
              -16.1325357,
              28.5810071
            ],
            [
              -16.1323002,
              28.5810314
            ],
            [
              -16.1322621,
              28.5812352
            ],
            [
              -16.1325288,
              28.5813903
            ],
            [
              -16.1328058,
              28.5813599
            ],
            [
              -16.1330205,
              28.5811409
            ],
            [
              -16.1332318,
              28.5810436
            ],
            [
              -16.1333781,
              28.5810522
            ],
            [
              -16.1336582,
              28.5811802
            ],
            [
              -16.1340309,
              28.5811632
            ],
            [
              -16.1342578,
              28.5810766
            ],
            [
              -16.1343887,
              28.5810841
            ],
            [
              -16.1344092,
              28.5811341
            ],
            [
              -16.1343302,
              28.5812199
            ],
            [
              -16.1344679,
              28.581351
            ],
            [
              -16.1348605,
              28.5815459
            ],
            [
              -16.1353355,
              28.5815221
            ],
            [
              -16.135426,
              28.5816102
            ],
            [
              -16.1354476,
              28.581759
            ],
            [
              -16.1355154,
              28.5818036
            ],
            [
              -16.135641,
              28.5818142
            ],
            [
              -16.1359243,
              28.5816481
            ],
            [
              -16.1360999,
              28.5816481
            ],
            [
              -16.1362932,
              28.5817196
            ],
            [
              -16.1365415,
              28.5820929
            ],
            [
              -16.1365128,
              28.582446
            ],
            [
              -16.1363876,
              28.5826475
            ],
            [
              -16.1360905,
              28.5825966
            ],
            [
              -16.135903,
              28.5826064
            ],
            [
              -16.1358466,
              28.5828286
            ],
            [
              -16.1362857,
              28.582967
            ],
            [
              -16.1365221,
              28.5829388
            ],
            [
              -16.1367511,
              28.5828617
            ],
            [
              -16.1370335,
              28.5828194
            ],
            [
              -16.1372653,
              28.5828702
            ],
            [
              -16.1374414,
              28.5828672
            ],
            [
              -16.1376918,
              28.5828245
            ],
            [
              -16.137866,
              28.5829331
            ],
            [
              -16.1379771,
              28.5829384
            ],
            [
              -16.1383436,
              28.5833015
            ],
            [
              -16.1386493,
              28.5834817
            ],
            [
              -16.1387117,
              28.5836025
            ],
            [
              -16.1388917,
              28.5835827
            ],
            [
              -16.1391155,
              28.5837055
            ],
            [
              -16.1393373,
              28.5836938
            ],
            [
              -16.1399105,
              28.5838514
            ],
            [
              -16.1405492,
              28.5837699
            ],
            [
              -16.1406515,
              28.583933
            ],
            [
              -16.1406458,
              28.5840565
            ],
            [
              -16.140845,
              28.5840539
            ],
            [
              -16.1409111,
              28.5841304
            ],
            [
              -16.1410437,
              28.5841035
            ],
            [
              -16.1412757,
              28.5839581
            ],
            [
              -16.1416984,
              28.5838898
            ],
            [
              -16.1420269,
              28.5838807
            ],
            [
              -16.1422607,
              28.5839466
            ],
            [
              -16.14243,
              28.5839944
            ],
            [
              -16.14244,
              28.5840708
            ],
            [
              -16.1422356,
              28.5842514
            ],
            [
              -16.1422531,
              28.5845129
            ],
            [
              -16.1423028,
              28.5845725
            ],
            [
              -16.1424259,
              28.5845292
            ],
            [
              -16.1427465,
              28.5845664
            ],
            [
              -16.1434089,
              28.5848021
            ],
            [
              -16.1438754,
              28.5845772
            ],
            [
              -16.1440792,
              28.5845692
            ],
            [
              -16.1442407,
              28.5845628
            ],
            [
              -16.1445927,
              28.5846098
            ],
            [
              -16.1446611,
              28.5848372
            ],
            [
              -16.1447919,
              28.584936
            ],
            [
              -16.1448178,
              28.5851266
            ],
            [
              -16.145239,
              28.5853592
            ],
            [
              -16.1457409,
              28.5852914
            ],
            [
              -16.1461767,
              28.5850509
            ],
            [
              -16.1465025,
              28.5851054
            ],
            [
              -16.1466249,
              28.585036
            ],
            [
              -16.1470208,
              28.5849784
            ],
            [
              -16.1473698,
              28.5850497
            ],
            [
              -16.1475354,
              28.5851361
            ],
            [
              -16.1475594,
              28.5853371
            ],
            [
              -16.147725,
              28.5853764
            ],
            [
              -16.1479371,
              28.5855462
            ],
            [
              -16.1483362,
              28.585723
            ],
            [
              -16.1485308,
              28.5861056
            ],
            [
              -16.1487074,
              28.586748
            ],
            [
              -16.1493691,
              28.5869928
            ],
            [
              -16.1500001,
              28.5871115
            ],
            [
              -16.1501066,
              28.5872139
            ],
            [
              -16.1503301,
              28.5873002
            ],
            [
              -16.1503748,
              28.5873973
            ],
            [
              -16.1505924,
              28.5874237
            ],
            [
              -16.1509301,
              28.5872946
            ],
            [
              -16.1511428,
              28.5871111
            ],
            [
              -16.1512338,
              28.5868378
            ],
            [
              -16.1515305,
              28.5867533
            ],
            [
              -16.1520316,
              28.5867969
            ],
            [
              -16.1524665,
              28.5868669
            ],
            [
              -16.1533404,
              28.5870875
            ],
            [
              -16.1534822,
              28.5871233
            ],
            [
              -16.1544262,
              28.5874373
            ],
            [
              -16.1545434,
              28.5874763
            ],
            [
              -16.1553011,
              28.5877616
            ],
            [
              -16.1557269,
              28.587922
            ],
            [
              -16.1565647,
              28.5881361
            ],
            [
              -16.156797,
              28.5882395
            ],
            [
              -16.157396,
              28.5885061
            ],
            [
              -16.1577395,
              28.5885702
            ],
            [
              -16.1578794,
              28.5889168
            ],
            [
              -16.1580706,
              28.5890697
            ],
            [
              -16.1582398,
              28.5889022
            ],
            [
              -16.1584513,
              28.5886222
            ],
            [
              -16.1585338,
              28.5885914
            ],
            [
              -16.1587804,
              28.5884993
            ],
            [
              -16.1592132,
              28.5883983
            ],
            [
              -16.1595094,
              28.5881499
            ],
            [
              -16.1596768,
              28.5880668
            ],
            [
              -16.1597472,
              28.5879279
            ],
            [
              -16.1603449,
              28.5874755
            ],
            [
              -16.160513,
              28.587301
            ],
            [
              -16.1611198,
              28.5868866
            ],
            [
              -16.1613787,
              28.5867618
            ],
            [
              -16.1620017,
              28.5866775
            ],
            [
              -16.1621659,
              28.5866319
            ],
            [
              -16.1624365,
              28.5865568
            ],
            [
              -16.1625467,
              28.5865867
            ],
            [
              -16.16257,
              28.5867187
            ],
            [
              -16.1626508,
              28.5867521
            ],
            [
              -16.1627504,
              28.5867053
            ],
            [
              -16.1627756,
              28.5865563
            ],
            [
              -16.1631355,
              28.5864772
            ],
            [
              -16.1636885,
              28.5864773
            ],
            [
              -16.1639141,
              28.586515
            ],
            [
              -16.1640208,
              28.5866029
            ],
            [
              -16.1647851,
              28.5864817
            ],
            [
              -16.1654846,
              28.5860231
            ],
            [
              -16.1657768,
              28.5857002
            ],
            [
              -16.1658186,
              28.5855559
            ],
            [
              -16.1660898,
              28.5853264
            ],
            [
              -16.1667148,
              28.5849538
            ],
            [
              -16.1668799,
              28.5848875
            ],
            [
              -16.1670261,
              28.5848288
            ],
            [
              -16.1672566,
              28.5846562
            ],
            [
              -16.1676032,
              28.5844989
            ],
            [
              -16.1677738,
              28.5843397
            ],
            [
              -16.1679406,
              28.5841841
            ],
            [
              -16.1683708,
              28.584009
            ],
            [
              -16.1687263,
              28.5839795
            ],
            [
              -16.1692432,
              28.5841135
            ],
            [
              -16.1695318,
              28.5842049
            ],
            [
              -16.1702542,
              28.5844941
            ],
            [
              -16.1705552,
              28.5847323
            ],
            [
              -16.1709976,
              28.584746
            ],
            [
              -16.1714455,
              28.5848842
            ],
            [
              -16.171579,
              28.5849557
            ],
            [
              -16.171695,
              28.5851706
            ],
            [
              -16.1718774,
              28.5852473
            ],
            [
              -16.1718736,
              28.5853674
            ],
            [
              -16.1717786,
              28.5855408
            ],
            [
              -16.1718774,
              28.5856075
            ],
            [
              -16.1720141,
              28.5854908
            ],
            [
              -16.1721357,
              28.5855241
            ],
            [
              -16.1719913,
              28.5856676
            ],
            [
              -16.1719533,
              28.5858343
            ],
            [
              -16.1720711,
              28.585851
            ],
            [
              -16.1722568,
              28.5857484
            ],
            [
              -16.1724775,
              28.5855508
            ],
            [
              -16.1727365,
              28.5852953
            ],
            [
              -16.1728316,
              28.5852255
            ],
            [
              -16.1724213,
              28.5848985
            ],
            [
              -16.1724003,
              28.5846982
            ],
            [
              -16.1726411,
              28.5843181
            ],
            [
              -16.172879,
              28.5841199
            ],
            [
              -16.1730112,
              28.5839105
            ],
            [
              -16.1729698,
              28.5838177
            ],
            [
              -16.1731123,
              28.5835406
            ],
            [
              -16.1734835,
              28.5830499
            ],
            [
              -16.173759,
              28.5828322
            ],
            [
              -16.1740567,
              28.5826972
            ],
            [
              -16.1742218,
              28.5825363
            ],
            [
              -16.174115,
              28.5823936
            ],
            [
              -16.1741266,
              28.5823538
            ],
            [
              -16.1741541,
              28.5822589
            ],
            [
              -16.1743957,
              28.5820425
            ],
            [
              -16.1745856,
              28.5819256
            ],
            [
              -16.1749278,
              28.5817898
            ],
            [
              -16.1752616,
              28.5817475
            ],
            [
              -16.1755647,
              28.5817487
            ],
            [
              -16.1755836,
              28.5817527
            ],
            [
              -16.1757095,
              28.5817796
            ],
            [
              -16.1761895,
              28.5818086
            ],
            [
              -16.1767775,
              28.5817216
            ],
            [
              -16.1768885,
              28.5817805
            ],
            [
              -16.1770695,
              28.5817011
            ],
            [
              -16.1777137,
              28.5816994
            ],
            [
              -16.1778434,
              28.5815347
            ],
            [
              -16.1785913,
              28.5811231
            ],
            [
              -16.1794915,
              28.5806988
            ],
            [
              -16.1798309,
              28.5806801
            ],
            [
              -16.1799601,
              28.5808196
            ],
            [
              -16.1800931,
              28.580855
            ],
            [
              -16.1802687,
              28.5807818
            ],
            [
              -16.1803696,
              28.5804482
            ],
            [
              -16.1802509,
              28.5802554
            ],
            [
              -16.180247,
              28.5796417
            ],
            [
              -16.1802886,
              28.579589
            ],
            [
              -16.1807019,
              28.579066
            ],
            [
              -16.1808325,
              28.578916
            ],
            [
              -16.1811348,
              28.5785686
            ],
            [
              -16.1814161,
              28.5783664
            ],
            [
              -16.1818409,
              28.5780611
            ],
            [
              -16.1822283,
              28.5780522
            ],
            [
              -16.1826753,
              28.5779227
            ],
            [
              -16.1832772,
              28.5775336
            ],
            [
              -16.1841168,
              28.5772153
            ],
            [
              -16.1842115,
              28.5771254
            ],
            [
              -16.1843904,
              28.5769726
            ],
            [
              -16.1845607,
              28.5768273
            ],
            [
              -16.1850388,
              28.5765439
            ],
            [
              -16.1853466,
              28.5763615
            ],
            [
              -16.1859934,
              28.5760474
            ],
            [
              -16.1866115,
              28.5757865
            ],
            [
              -16.1867774,
              28.5760848
            ],
            [
              -16.1871663,
              28.5761578
            ],
            [
              -16.1874159,
              28.5757437
            ],
            [
              -16.1876341,
              28.5756953
            ],
            [
              -16.1880664,
              28.5756132
            ],
            [
              -16.1882235,
              28.5756102
            ],
            [
              -16.1882008,
              28.575767
            ],
            [
              -16.1882729,
              28.5758671
            ],
            [
              -16.1884021,
              28.5758971
            ],
            [
              -16.1885578,
              28.5757837
            ],
            [
              -16.1886224,
              28.5756469
            ],
            [
              -16.1885768,
              28.5755702
            ],
            [
              -16.1884717,
              28.5755071
            ],
            [
              -16.1885921,
              28.5753423
            ],
            [
              -16.1888515,
              28.5752653
            ],
            [
              -16.1890307,
              28.5752705
            ],
            [
              -16.1892635,
              28.5751858
            ],
            [
              -16.1899784,
              28.5752337
            ],
            [
              -16.1900411,
              28.5752768
            ],
            [
              -16.1904009,
              28.5752399
            ],
            [
              -16.1907698,
              28.5749311
            ],
            [
              -16.1910919,
              28.5744837
            ],
            [
              -16.1912912,
              28.5738985
            ],
            [
              -16.1914314,
              28.5731537
            ],
            [
              -16.1916095,
              28.5729717
            ],
            [
              -16.1923871,
              28.572658
            ],
            [
              -16.1926504,
              28.5725621
            ],
            [
              -16.1931348,
              28.5723856
            ],
            [
              -16.1933031,
              28.5722264
            ],
            [
              -16.1935423,
              28.5721449
            ],
            [
              -16.1940791,
              28.5723962
            ],
            [
              -16.1941696,
              28.572472
            ],
            [
              -16.194333,
              28.5726089
            ],
            [
              -16.1946941,
              28.5726764
            ],
            [
              -16.1950359,
              28.5726363
            ],
            [
              -16.1953131,
              28.5724924
            ],
            [
              -16.1955233,
              28.5724994
            ],
            [
              -16.1962134,
              28.5726457
            ],
            [
              -16.1961249,
              28.5729378
            ],
            [
              -16.1963502,
              28.57282
            ],
            [
              -16.1965138,
              28.5728412
            ],
            [
              -16.1965379,
              28.5729472
            ],
            [
              -16.1966697,
              28.5729061
            ],
            [
              -16.1969292,
              28.5725781
            ],
            [
              -16.1970259,
              28.5726466
            ],
            [
              -16.1969615,
              28.572786
            ],
            [
              -16.1970041,
              28.5728174
            ],
            [
              -16.1969966,
              28.5731781
            ],
            [
              -16.1972741,
              28.5731292
            ],
            [
              -16.1976331,
              28.5729756
            ],
            [
              -16.1979359,
              28.5729289
            ],
            [
              -16.1980817,
              28.5729022
            ],
            [
              -16.1981925,
              28.5727916
            ],
            [
              -16.1982921,
              28.5726999
            ],
            [
              -16.1984262,
              28.5727776
            ],
            [
              -16.1985036,
              28.5727546
            ],
            [
              -16.1983823,
              28.5725251
            ],
            [
              -16.198318,
              28.5722508
            ],
            [
              -16.1984977,
              28.5721867
            ],
            [
              -16.1987025,
              28.5721675
            ],
            [
              -16.1987706,
              28.5723347
            ],
            [
              -16.19922,
              28.5723122
            ],
            [
              -16.1994873,
              28.5723106
            ],
            [
              -16.1995731,
              28.5724647
            ],
            [
              -16.1995544,
              28.5726011
            ],
            [
              -16.1996749,
              28.5727263
            ],
            [
              -16.2002357,
              28.5725077
            ],
            [
              -16.2006073,
              28.5723618
            ],
            [
              -16.2007925,
              28.5723999
            ],
            [
              -16.2007168,
              28.5728106
            ],
            [
              -16.2008214,
              28.5729755
            ],
            [
              -16.2008965,
              28.5729543
            ],
            [
              -16.2009126,
              28.5727753
            ],
            [
              -16.2012154,
              28.5728674
            ],
            [
              -16.2011835,
              28.5726763
            ],
            [
              -16.2013739,
              28.5725468
            ],
            [
              -16.2015027,
              28.5726575
            ],
            [
              -16.201697,
              28.5726939
            ],
            [
              -16.2014839,
              28.5724267
            ],
            [
              -16.2016979,
              28.5720082
            ],
            [
              -16.2019025,
              28.571917
            ],
            [
              -16.2024223,
              28.5715264
            ],
            [
              -16.2026578,
              28.5714719
            ],
            [
              -16.2033638,
              28.57147
            ],
            [
              -16.2036058,
              28.571354
            ],
            [
              -16.2037413,
              28.5713563
            ],
            [
              -16.2038493,
              28.5712285
            ],
            [
              -16.2039052,
              28.5711624
            ],
            [
              -16.2040444,
              28.5710356
            ],
            [
              -16.2041404,
              28.5711732
            ],
            [
              -16.204293,
              28.5712576
            ],
            [
              -16.2043454,
              28.5712617
            ],
            [
              -16.2043918,
              28.5712289
            ],
            [
              -16.2044814,
              28.5712296
            ],
            [
              -16.204532,
              28.5712595
            ],
            [
              -16.2046759,
              28.5712339
            ],
            [
              -16.2050894,
              28.5713272
            ],
            [
              -16.2051143,
              28.5713031
            ],
            [
              -16.2050102,
              28.571235
            ],
            [
              -16.2048049,
              28.5711712
            ],
            [
              -16.2044802,
              28.57115
            ],
            [
              -16.2043286,
              28.5710899
            ],
            [
              -16.2042522,
              28.5710241
            ],
            [
              -16.2041489,
              28.5709451
            ],
            [
              -16.204153,
              28.5709165
            ],
            [
              -16.2041506,
              28.5708788
            ],
            [
              -16.2041745,
              28.5707678
            ],
            [
              -16.204184,
              28.5707022
            ],
            [
              -16.2042991,
              28.5704033
            ],
            [
              -16.2045913,
              28.570091
            ],
            [
              -16.2050105,
              28.5696996
            ],
            [
              -16.2056926,
              28.5691221
            ],
            [
              -16.2065926,
              28.5686539
            ],
            [
              -16.2069696,
              28.568585
            ],
            [
              -16.2073071,
              28.5686906
            ],
            [
              -16.2075555,
              28.5687601
            ],
            [
              -16.207851,
              28.5688012
            ],
            [
              -16.2078515,
              28.5689274
            ],
            [
              -16.2079132,
              28.569004
            ],
            [
              -16.2079547,
              28.5689875
            ],
            [
              -16.2079574,
              28.5688709
            ],
            [
              -16.2080312,
              28.5688685
            ],
            [
              -16.2080741,
              28.5688956
            ],
            [
              -16.2080781,
              28.5689957
            ],
            [
              -16.2080084,
              28.5690476
            ],
            [
              -16.2080526,
              28.5690959
            ],
            [
              -16.208176,
              28.5689781
            ],
            [
              -16.2082484,
              28.5690323
            ],
            [
              -16.208304,
              28.5692409
            ],
            [
              -16.2083665,
              28.5692749
            ],
            [
              -16.2084593,
              28.5690159
            ],
            [
              -16.2091817,
              28.569062
            ],
            [
              -16.2098229,
              28.5690507
            ],
            [
              -16.2102374,
              28.5690173
            ],
            [
              -16.2105054,
              28.5690019
            ],
            [
              -16.2108484,
              28.5689324
            ],
            [
              -16.2110738,
              28.5688866
            ],
            [
              -16.2113307,
              28.5687471
            ],
            [
              -16.2117393,
              28.5685524
            ],
            [
              -16.2120568,
              28.5683792
            ],
            [
              -16.2124991,
              28.5682615
            ],
            [
              -16.2129961,
              28.5681744
            ],
            [
              -16.2133811,
              28.568121
            ],
            [
              -16.2136973,
              28.5680543
            ],
            [
              -16.2140801,
              28.5680892
            ],
            [
              -16.2146512,
              28.5680626
            ],
            [
              -16.2147764,
              28.5680282
            ],
            [
              -16.215282,
              28.5678892
            ],
            [
              -16.2160225,
              28.5678376
            ],
            [
              -16.2162689,
              28.5678646
            ],
            [
              -16.2167997,
              28.5680569
            ],
            [
              -16.2171189,
              28.5680451
            ],
            [
              -16.2180092,
              28.5676951
            ],
            [
              -16.218783,
              28.5674625
            ],
            [
              -16.2193879,
              28.567217
            ],
            [
              -16.2199055,
              28.5670934
            ],
            [
              -16.2205409,
              28.5670639
            ],
            [
              -16.2209344,
              28.5669557
            ],
            [
              -16.22177,
              28.5665941
            ],
            [
              -16.2219036,
              28.566483
            ],
            [
              -16.2223812,
              28.5657068
            ],
            [
              -16.2229867,
              28.5654932
            ],
            [
              -16.2236623,
              28.5654315
            ],
            [
              -16.22388,
              28.5654666
            ],
            [
              -16.2243413,
              28.5656975
            ],
            [
              -16.224545,
              28.5657042
            ],
            [
              -16.2249005,
              28.5655823
            ],
            [
              -16.225215,
              28.5654745
            ],
            [
              -16.2254499,
              28.5654834
            ],
            [
              -16.2256534,
              28.5655405
            ],
            [
              -16.2257785,
              28.565675
            ],
            [
              -16.2261208,
              28.5658249
            ],
            [
              -16.2269302,
              28.5660638
            ],
            [
              -16.2272619,
              28.566263
            ],
            [
              -16.2274287,
              28.566327
            ],
            [
              -16.2275928,
              28.5662925
            ],
            [
              -16.2276611,
              28.5662358
            ],
            [
              -16.2275925,
              28.5660857
            ],
            [
              -16.2276602,
              28.5659167
            ],
            [
              -16.2278452,
              28.5657985
            ],
            [
              -16.2281494,
              28.5658951
            ],
            [
              -16.2284618,
              28.5659943
            ],
            [
              -16.2286826,
              28.5659498
            ],
            [
              -16.2288702,
              28.5660955
            ],
            [
              -16.2293875,
              28.5661935
            ],
            [
              -16.2299301,
              28.5663695
            ],
            [
              -16.2306954,
              28.5664279
            ],
            [
              -16.2313986,
              28.5663297
            ],
            [
              -16.2315885,
              28.5663695
            ],
            [
              -16.2319357,
              28.5665574
            ],
            [
              -16.2326337,
              28.5668031
            ],
            [
              -16.2327227,
              28.5669322
            ],
            [
              -16.2328061,
              28.5669675
            ],
            [
              -16.232892,
              28.5669737
            ],
            [
              -16.2332466,
              28.566749
            ],
            [
              -16.2336741,
              28.5667714
            ],
            [
              -16.2339995,
              28.5670139
            ],
            [
              -16.234409,
              28.5677071
            ],
            [
              -16.2347964,
              28.5677747
            ],
            [
              -16.2349698,
              28.5676841
            ],
            [
              -16.2352341,
              28.5676797
            ],
            [
              -16.2356706,
              28.5679316
            ],
            [
              -16.2363672,
              28.5681607
            ],
            [
              -16.2364671,
              28.5682294
            ],
            [
              -16.2367489,
              28.5684231
            ],
            [
              -16.2369293,
              28.5684273
            ],
            [
              -16.2371957,
              28.5685184
            ],
            [
              -16.2374795,
              28.5687195
            ],
            [
              -16.2380288,
              28.5689745
            ],
            [
              -16.2386385,
              28.5691732
            ],
            [
              -16.238934,
              28.569331
            ],
            [
              -16.2390757,
              28.5693397
            ],
            [
              -16.2393335,
              28.5693556
            ],
            [
              -16.239466,
              28.5694029
            ],
            [
              -16.2395939,
              28.5694933
            ],
            [
              -16.2397023,
              28.5696938
            ],
            [
              -16.2397343,
              28.569753
            ],
            [
              -16.2398477,
              28.5698208
            ],
            [
              -16.2402073,
              28.5698273
            ],
            [
              -16.2405842,
              28.5699111
            ],
            [
              -16.2409047,
              28.570067
            ],
            [
              -16.2412514,
              28.570471
            ],
            [
              -16.2414043,
              28.5705593
            ],
            [
              -16.241732,
              28.5707485
            ],
            [
              -16.2418091,
              28.5708607
            ],
            [
              -16.2418195,
              28.5709944
            ],
            [
              -16.2416386,
              28.5709931
            ],
            [
              -16.2416051,
              28.5710864
            ],
            [
              -16.2417142,
              28.5711345
            ],
            [
              -16.2421856,
              28.5711427
            ],
            [
              -16.242265,
              28.5710794
            ],
            [
              -16.2421658,
              28.5709913
            ],
            [
              -16.2421803,
              28.570921
            ],
            [
              -16.2422532,
              28.5708562
            ],
            [
              -16.2424006,
              28.5708541
            ],
            [
              -16.2427377,
              28.5710575
            ],
            [
              -16.2429343,
              28.571241
            ],
            [
              -16.2429399,
              28.5713261
            ],
            [
              -16.2431756,
              28.571366
            ],
            [
              -16.2432125,
              28.5714109
            ],
            [
              -16.2432656,
              28.5714308
            ],
            [
              -16.2433009,
              28.5714774
            ],
            [
              -16.2432522,
              28.5715224
            ],
            [
              -16.2431573,
              28.571497
            ],
            [
              -16.2431223,
              28.571554
            ],
            [
              -16.2430906,
              28.5715557
            ],
            [
              -16.2430412,
              28.5715271
            ],
            [
              -16.2430001,
              28.5715738
            ],
            [
              -16.242996,
              28.5716166
            ],
            [
              -16.2430286,
              28.571667
            ],
            [
              -16.2430985,
              28.571693
            ],
            [
              -16.2431997,
              28.571768
            ],
            [
              -16.2433328,
              28.571739
            ],
            [
              -16.2434192,
              28.5717003
            ],
            [
              -16.2439864,
              28.5717085
            ],
            [
              -16.2442226,
              28.5718056
            ],
            [
              -16.2445919,
              28.5718427
            ],
            [
              -16.2448785,
              28.5718162
            ],
            [
              -16.2449493,
              28.5717888
            ],
            [
              -16.2449347,
              28.571737
            ],
            [
              -16.2443978,
              28.5716546
            ],
            [
              -16.2444152,
              28.5714644
            ],
            [
              -16.244495,
              28.5713682
            ],
            [
              -16.244606,
              28.5713261
            ],
            [
              -16.2448309,
              28.5713454
            ],
            [
              -16.2451855,
              28.5712464
            ],
            [
              -16.2452703,
              28.571205
            ],
            [
              -16.2452969,
              28.5711242
            ],
            [
              -16.2454941,
              28.5710346
            ],
            [
              -16.245643,
              28.5710322
            ],
            [
              -16.2458468,
              28.5709034
            ],
            [
              -16.2458945,
              28.5707912
            ],
            [
              -16.2461202,
              28.570619
            ],
            [
              -16.2466176,
              28.5707063
            ],
            [
              -16.2466899,
              28.5708083
            ],
            [
              -16.2470049,
              28.5709348
            ],
            [
              -16.2473853,
              28.5709368
            ],
            [
              -16.2476481,
              28.5708864
            ],
            [
              -16.2478695,
              28.5707572
            ],
            [
              -16.2479901,
              28.5706128
            ],
            [
              -16.2482405,
              28.5705179
            ],
            [
              -16.2483129,
              28.5705198
            ],
            [
              -16.2485915,
              28.5707402
            ],
            [
              -16.2486114,
              28.5708486
            ],
            [
              -16.2487778,
              28.570964
            ],
            [
              -16.2488219,
              28.5709677
            ],
            [
              -16.2490336,
              28.5707823
            ],
            [
              -16.2494101,
              28.570864
            ],
            [
              -16.2494515,
              28.5709708
            ],
            [
              -16.2494018,
              28.5710848
            ],
            [
              -16.2495626,
              28.5711488
            ],
            [
              -16.2496241,
              28.5712337
            ],
            [
              -16.2497339,
              28.5712235
            ],
            [
              -16.2499093,
              28.5710339
            ],
            [
              -16.2500667,
              28.5709831
            ],
            [
              -16.2502131,
              28.5710227
            ],
            [
              -16.2504073,
              28.5712638
            ],
            [
              -16.2504871,
              28.5712707
            ],
            [
              -16.250677,
              28.5711664
            ],
            [
              -16.2508412,
              28.5711675
            ],
            [
              -16.2510986,
              28.5712875
            ],
            [
              -16.2513943,
              28.5713462
            ],
            [
              -16.2513937,
              28.5714849
            ],
            [
              -16.2514615,
              28.5714974
            ],
            [
              -16.2516782,
              28.571405
            ],
            [
              -16.251689,
              28.5712474
            ],
            [
              -16.2519299,
              28.5710851
            ],
            [
              -16.2521556,
              28.5708702
            ],
            [
              -16.2528575,
              28.5707422
            ],
            [
              -16.2534124,
              28.5704825
            ],
            [
              -16.2536158,
              28.5703561
            ],
            [
              -16.2541932,
              28.5698665
            ],
            [
              -16.2542744,
              28.5700342
            ],
            [
              -16.2544973,
              28.5702811
            ],
            [
              -16.2547762,
              28.570485
            ],
            [
              -16.2547997,
              28.5706239
            ],
            [
              -16.2550713,
              28.5707153
            ],
            [
              -16.255243,
              28.5706851
            ],
            [
              -16.2555557,
              28.5704614
            ],
            [
              -16.2556357,
              28.5701969
            ],
            [
              -16.2558575,
              28.5700065
            ],
            [
              -16.255621,
              28.5699218
            ],
            [
              -16.2556012,
              28.5697934
            ],
            [
              -16.2559105,
              28.5696942
            ],
            [
              -16.2561288,
              28.5697329
            ],
            [
              -16.2563991,
              28.5694369
            ],
            [
              -16.2568131,
              28.5694175
            ],
            [
              -16.2570211,
              28.5693384
            ],
            [
              -16.2573302,
              28.5697474
            ],
            [
              -16.2574092,
              28.5697839
            ],
            [
              -16.2579952,
              28.5697875
            ],
            [
              -16.2583,
              28.5700001
            ],
            [
              -16.2581789,
              28.5701355
            ],
            [
              -16.2578361,
              28.5701929
            ],
            [
              -16.2577432,
              28.5702464
            ],
            [
              -16.2577623,
              28.5703138
            ],
            [
              -16.2580267,
              28.5704159
            ],
            [
              -16.2584465,
              28.5704077
            ],
            [
              -16.2584654,
              28.5706013
            ],
            [
              -16.2583616,
              28.5706915
            ],
            [
              -16.2583404,
              28.5708664
            ],
            [
              -16.2585506,
              28.5709557
            ],
            [
              -16.2585928,
              28.5710631
            ],
            [
              -16.2587416,
              28.5710949
            ],
            [
              -16.2588549,
              28.5712368
            ],
            [
              -16.2589443,
              28.5712776
            ],
            [
              -16.2592538,
              28.5712758
            ],
            [
              -16.2595619,
              28.5715702
            ],
            [
              -16.259594,
              28.5717331
            ],
            [
              -16.2596895,
              28.5717357
            ],
            [
              -16.2598835,
              28.5718402
            ],
            [
              -16.2597053,
              28.5718502
            ],
            [
              -16.2596016,
              28.5718935
            ],
            [
              -16.2596813,
              28.572055
            ],
            [
              -16.259804,
              28.5721004
            ],
            [
              -16.2599433,
              28.5720132
            ],
            [
              -16.26029,
              28.5721248
            ],
            [
              -16.2606595,
              28.5721401
            ],
            [
              -16.2607462,
              28.5721826
            ],
            [
              -16.2608734,
              28.572328
            ],
            [
              -16.2609874,
              28.5726285
            ],
            [
              -16.2611976,
              28.5728845
            ],
            [
              -16.2612076,
              28.57299
            ],
            [
              -16.261492,
              28.5733604
            ],
            [
              -16.2615917,
              28.5733964
            ],
            [
              -16.2616464,
              28.5733651
            ],
            [
              -16.2616058,
              28.5731476
            ],
            [
              -16.2619464,
              28.5732277
            ],
            [
              -16.2621001,
              28.573298
            ],
            [
              -16.2622243,
              28.5735163
            ],
            [
              -16.2622147,
              28.573595
            ],
            [
              -16.2622801,
              28.5736152
            ],
            [
              -16.2625561,
              28.5734907
            ],
            [
              -16.2625949,
              28.5733407
            ],
            [
              -16.2627231,
              28.5732286
            ],
            [
              -16.2629081,
              28.5732267
            ],
            [
              -16.2631898,
              28.5733118
            ],
            [
              -16.2633741,
              28.5731773
            ],
            [
              -16.2635695,
              28.572927
            ],
            [
              -16.2640189,
              28.5729335
            ],
            [
              -16.264073,
              28.5729675
            ],
            [
              -16.2640452,
              28.5731791
            ],
            [
              -16.2644869,
              28.5731334
            ],
            [
              -16.264673,
              28.5733416
            ],
            [
              -16.2647691,
              28.5733846
            ],
            [
              -16.2647572,
              28.5735717
            ],
            [
              -16.2645725,
              28.5738519
            ],
            [
              -16.2647492,
              28.5739101
            ],
            [
              -16.26503,
              28.5739708
            ],
            [
              -16.265477,
              28.5739582
            ],
            [
              -16.2655393,
              28.5739782
            ],
            [
              -16.2655201,
              28.5740514
            ],
            [
              -16.2656018,
              28.5740302
            ],
            [
              -16.2659106,
              28.5737734
            ],
            [
              -16.2661235,
              28.5737174
            ],
            [
              -16.2662656,
              28.5737849
            ],
            [
              -16.2663438,
              28.5740135
            ],
            [
              -16.2665007,
              28.5739877
            ],
            [
              -16.2665931,
              28.5740422
            ],
            [
              -16.2666979,
              28.5740373
            ],
            [
              -16.2668207,
              28.5738974
            ],
            [
              -16.2669621,
              28.5738484
            ],
            [
              -16.2672581,
              28.5740445
            ],
            [
              -16.2674346,
              28.5740546
            ],
            [
              -16.2676817,
              28.5741772
            ],
            [
              -16.2681767,
              28.5746885
            ],
            [
              -16.2688664,
              28.5751508
            ],
            [
              -16.2694354,
              28.5754236
            ],
            [
              -16.2701481,
              28.5760108
            ],
            [
              -16.2701646,
              28.5760888
            ],
            [
              -16.270064,
              28.5762304
            ],
            [
              -16.2701418,
              28.5762699
            ],
            [
              -16.270207,
              28.576251
            ],
            [
              -16.2702488,
              28.5763237
            ],
            [
              -16.270588,
              28.5764098
            ],
            [
              -16.2705324,
              28.5764862
            ],
            [
              -16.2703125,
              28.576592
            ],
            [
              -16.2702734,
              28.5767417
            ],
            [
              -16.2703239,
              28.5768073
            ],
            [
              -16.2705798,
              28.5769543
            ],
            [
              -16.271436,
              28.5772143
            ],
            [
              -16.2714639,
              28.5772857
            ],
            [
              -16.2712099,
              28.5772721
            ],
            [
              -16.271257,
              28.5774031
            ],
            [
              -16.271329,
              28.5773503
            ],
            [
              -16.2714048,
              28.5774795
            ],
            [
              -16.2719913,
              28.577791
            ],
            [
              -16.2720845,
              28.5779252
            ],
            [
              -16.2721627,
              28.5779391
            ],
            [
              -16.2722266,
              28.577832
            ],
            [
              -16.2724506,
              28.5780479
            ],
            [
              -16.2727118,
              28.578067
            ],
            [
              -16.2729158,
              28.5779592
            ],
            [
              -16.2732078,
              28.5779601
            ],
            [
              -16.2734134,
              28.577892
            ],
            [
              -16.2735934,
              28.5778068
            ],
            [
              -16.2737285,
              28.5776436
            ],
            [
              -16.2737454,
              28.5775247
            ],
            [
              -16.2736297,
              28.5772694
            ],
            [
              -16.2732629,
              28.5770055
            ],
            [
              -16.2734092,
              28.5768061
            ],
            [
              -16.2730856,
              28.5767263
            ],
            [
              -16.2730942,
              28.5765913
            ],
            [
              -16.2728477,
              28.5764574
            ],
            [
              -16.2728623,
              28.5763427
            ],
            [
              -16.2727798,
              28.5762276
            ],
            [
              -16.2721589,
              28.5762337
            ],
            [
              -16.2721279,
              28.5762024
            ],
            [
              -16.2722212,
              28.5760456
            ],
            [
              -16.2728638,
              28.5760331
            ],
            [
              -16.2727894,
              28.5759305
            ],
            [
              -16.2723888,
              28.5759218
            ],
            [
              -16.2722042,
              28.5758714
            ],
            [
              -16.272219,
              28.5757708
            ],
            [
              -16.2723399,
              28.5756198
            ],
            [
              -16.2724377,
              28.5755902
            ],
            [
              -16.2725684,
              28.5757395
            ],
            [
              -16.2726512,
              28.5757536
            ],
            [
              -16.2729376,
              28.575675
            ],
            [
              -16.2729713,
              28.5756121
            ],
            [
              -16.2729094,
              28.575507
            ],
            [
              -16.2727663,
              28.575437
            ],
            [
              -16.2725427,
              28.5754503
            ],
            [
              -16.2724443,
              28.5755107
            ],
            [
              -16.2723402,
              28.5753976
            ],
            [
              -16.2722043,
              28.5753342
            ],
            [
              -16.2722251,
              28.575197
            ],
            [
              -16.2724422,
              28.5752686
            ],
            [
              -16.2726018,
              28.5752742
            ],
            [
              -16.2727487,
              28.5752263
            ],
            [
              -16.2730575,
              28.5752819
            ],
            [
              -16.2730808,
              28.5752486
            ],
            [
              -16.2727967,
              28.5748759
            ],
            [
              -16.2729011,
              28.5746504
            ],
            [
              -16.2730756,
              28.5745719
            ],
            [
              -16.2731882,
              28.5743577
            ],
            [
              -16.2734142,
              28.5742153
            ],
            [
              -16.2737193,
              28.574056
            ],
            [
              -16.2740079,
              28.5738707
            ],
            [
              -16.274269,
              28.573843
            ],
            [
              -16.2744758,
              28.5735944
            ],
            [
              -16.2745229,
              28.5732543
            ],
            [
              -16.2747132,
              28.5730385
            ],
            [
              -16.274767,
              28.572978
            ],
            [
              -16.274758,
              28.5726164
            ],
            [
              -16.2744918,
              28.5724013
            ],
            [
              -16.274453,
              28.5722769
            ],
            [
              -16.2744367,
              28.5721573
            ],
            [
              -16.2743964,
              28.5720386
            ],
            [
              -16.2742378,
              28.5718281
            ],
            [
              -16.2741285,
              28.5715897
            ],
            [
              -16.2740368,
              28.5714906
            ],
            [
              -16.2740227,
              28.5713079
            ],
            [
              -16.2740404,
              28.5711872
            ],
            [
              -16.2740545,
              28.5711253
            ],
            [
              -16.2740932,
              28.5710695
            ],
            [
              -16.2741426,
              28.5710324
            ],
            [
              -16.2742519,
              28.5709704
            ],
            [
              -16.2744863,
              28.5708868
            ],
            [
              -16.2745339,
              28.5708404
            ],
            [
              -16.274511,
              28.5707506
            ],
            [
              -16.2744105,
              28.5706345
            ],
            [
              -16.2744211,
              28.5705401
            ],
            [
              -16.2745022,
              28.570441
            ],
            [
              -16.2746961,
              28.5703295
            ],
            [
              -16.274803,
              28.5701435
            ],
            [
              -16.2748929,
              28.5700517
            ],
            [
              -16.2749634,
              28.5698959
            ],
            [
              -16.2749391,
              28.5697379
            ],
            [
              -16.2749075,
              28.5697037
            ],
            [
              -16.2748613,
              28.569693
            ],
            [
              -16.2746596,
              28.5696909
            ],
            [
              -16.274521,
              28.5696503
            ],
            [
              -16.2743241,
              28.5696311
            ],
            [
              -16.2741563,
              28.5696375
            ],
            [
              -16.273923,
              28.5696994
            ],
            [
              -16.2738233,
              28.5696973
            ],
            [
              -16.2737722,
              28.5696781
            ],
            [
              -16.2737115,
              28.5696076
            ],
            [
              -16.2736945,
              28.5694817
            ],
            [
              -16.2737844,
              28.5693984
            ],
            [
              -16.2739935,
              28.5693237
            ],
            [
              -16.2740324,
              28.5692981
            ],
            [
              -16.274064,
              28.5692212
            ],
            [
              -16.2740178,
              28.5690589
            ],
            [
              -16.2740202,
              28.5689735
            ],
            [
              -16.2740445,
              28.5688945
            ],
            [
              -16.2739983,
              28.5687728
            ],
            [
              -16.273957,
              28.5687494
            ],
            [
              -16.2736045,
              28.5686746
            ],
            [
              -16.2733857,
              28.5687451
            ],
            [
              -16.2732885,
              28.5687451
            ],
            [
              -16.2731329,
              28.5687216
            ],
            [
              -16.2730502,
              28.5686768
            ],
            [
              -16.2730211,
              28.5686405
            ],
            [
              -16.2730016,
              28.5685551
            ],
            [
              -16.2728946,
              28.5683949
            ],
            [
              -16.2728825,
              28.5682241
            ],
            [
              -16.2728241,
              28.5681558
            ],
            [
              -16.272812,
              28.5681088
            ],
            [
              -16.2728266,
              28.5679829
            ],
            [
              -16.2728874,
              28.5678719
            ],
            [
              -16.2728801,
              28.5678291
            ],
            [
              -16.2727512,
              28.5676178
            ],
            [
              -16.2726856,
              28.5675473
            ],
            [
              -16.2725835,
              28.5674705
            ],
            [
              -16.272564,
              28.567432
            ],
            [
              -16.2725762,
              28.5673509
            ],
            [
              -16.2727609,
              28.5672335
            ],
            [
              -16.2728169,
              28.567163
            ],
            [
              -16.2729102,
              28.5669456
            ],
            [
              -16.2730259,
              28.5666762
            ],
            [
              -16.2730721,
              28.5666058
            ],
            [
              -16.2731377,
              28.5665481
            ],
            [
              -16.2732301,
              28.5664179
            ],
            [
              -16.273534,
              28.5662449
            ],
            [
              -16.2735996,
              28.5661553
            ],
            [
              -16.2736288,
              28.5660741
            ],
            [
              -16.2736312,
              28.5660272
            ],
            [
              -16.2736094,
              28.5659887
            ],
            [
              -16.2734975,
              28.5659055
            ],
            [
              -16.2733663,
              28.5658521
            ],
            [
              -16.2733084,
              28.5657713
            ],
            [
              -16.2731259,
              28.5657172
            ],
            [
              -16.2728414,
              28.5656797
            ],
            [
              -16.2727489,
              28.5656464
            ],
            [
              -16.2726517,
              28.5655485
            ],
            [
              -16.2726328,
              28.5654694
            ],
            [
              -16.2726873,
              28.5652674
            ],
            [
              -16.2727062,
              28.5652321
            ],
            [
              -16.2728248,
              28.5651883
            ],
            [
              -16.2728603,
              28.5651613
            ],
            [
              -16.2730287,
              28.5651363
            ],
            [
              -16.2731211,
              28.5652029
            ],
            [
              -16.2732468,
              28.5652092
            ],
            [
              -16.2733202,
              28.5652445
            ],
            [
              -16.2733487,
              28.5653487
            ],
            [
              -16.2734008,
              28.5654028
            ],
            [
              -16.2735241,
              28.5654236
            ],
            [
              -16.2736095,
              28.5654111
            ],
            [
              -16.2737256,
              28.5653549
            ],
            [
              -16.2737351,
              28.5653153
            ],
            [
              -16.2737138,
              28.5652779
            ],
            [
              -16.2737422,
              28.5652466
            ],
            [
              -16.2738228,
              28.5652133
            ],
            [
              -16.2738536,
              28.5651842
            ],
            [
              -16.2738513,
              28.5651425
            ],
            [
              -16.2736261,
              28.5649218
            ],
            [
              -16.2735739,
              28.564851
            ],
            [
              -16.2735312,
              28.5647761
            ],
            [
              -16.2735217,
              28.5646928
            ],
            [
              -16.2735549,
              28.5646137
            ],
            [
              -16.2736071,
              28.5645471
            ],
            [
              -16.2737256,
              28.5644346
            ],
            [
              -16.2737398,
              28.5643555
            ],
            [
              -16.2737067,
              28.5642764
            ],
            [
              -16.2737398,
              28.5642014
            ],
            [
              -16.2738062,
              28.5641515
            ],
            [
              -16.2738347,
              28.5640765
            ],
            [
              -16.2738347,
              28.5639932
            ],
            [
              -16.273773,
              28.5639308
            ],
            [
              -16.2736877,
              28.5638933
            ],
            [
              -16.2736166,
              28.5638391
            ],
            [
              -16.2736166,
              28.5637559
            ],
            [
              -16.2736403,
              28.5636726
            ],
            [
              -16.2737588,
              28.5634602
            ],
            [
              -16.2738584,
              28.5631479
            ],
            [
              -16.2738631,
              28.5630646
            ],
            [
              -16.2738347,
              28.562898
            ],
            [
              -16.2737636,
              28.5628439
            ],
            [
              -16.2736687,
              28.5628481
            ],
            [
              -16.2735265,
              28.5628855
            ],
            [
              -16.2733653,
              28.5630729
            ],
            [
              -16.273223,
              28.5633478
            ],
            [
              -16.2732136,
              28.5634227
            ],
            [
              -16.273133,
              28.5634935
            ],
            [
              -16.2731424,
              28.5635643
            ],
            [
              -16.273095,
              28.5636268
            ],
            [
              -16.2730049,
              28.5636059
            ],
            [
              -16.2728532,
              28.5635018
            ],
            [
              -16.2725925,
              28.5632437
            ],
            [
              -16.2724881,
              28.5632312
            ],
            [
              -16.2724028,
              28.5632603
            ],
            [
              -16.2722558,
              28.5633603
            ],
            [
              -16.272161,
              28.5633852
            ],
            [
              -16.2720662,
              28.5633728
            ],
            [
              -16.2719951,
              28.5633103
            ],
            [
              -16.271886,
              28.563252
            ],
            [
              -16.2718481,
              28.5631687
            ],
            [
              -16.2718623,
              28.5630063
            ],
            [
              -16.2718433,
              28.5628397
            ],
            [
              -16.2718101,
              28.5627606
            ],
            [
              -16.2716537,
              28.5625982
            ],
            [
              -16.2715636,
              28.5625649
            ],
            [
              -16.2715446,
              28.5624816
            ],
            [
              -16.2715636,
              28.562315
            ],
            [
              -16.2716205,
              28.5622567
            ],
            [
              -16.2718765,
              28.5621651
            ],
            [
              -16.2721183,
              28.5621485
            ],
            [
              -16.2723459,
              28.5620569
            ],
            [
              -16.2724739,
              28.5618944
            ],
            [
              -16.2725119,
              28.5617237
            ],
            [
              -16.2724787,
              28.5613364
            ],
            [
              -16.2725166,
              28.5612365
            ],
            [
              -16.2726906,
              28.5611785
            ],
            [
              -16.2729957,
              28.5611785
            ],
            [
              -16.2733058,
              28.5611208
            ],
            [
              -16.2733762,
              28.5610237
            ],
            [
              -16.2733964,
              28.5609707
            ],
            [
              -16.2733561,
              28.5607969
            ],
            [
              -16.2732152,
              28.5605425
            ],
            [
              -16.2731784,
              28.560476
            ],
            [
              -16.2730276,
              28.5602728
            ],
            [
              -16.2729806,
              28.5602316
            ],
            [
              -16.2728432,
              28.5601756
            ],
            [
              -16.2727627,
              28.5600078
            ],
            [
              -16.2727225,
              28.5599577
            ],
            [
              -16.2725582,
              28.5598458
            ],
            [
              -16.2724342,
              28.5598046
            ],
            [
              -16.2723671,
              28.5598046
            ],
            [
              -16.2718475,
              28.55989
            ],
            [
              -16.2715591,
              28.5598399
            ],
            [
              -16.2714016,
              28.559731
            ],
            [
              -16.271368,
              28.5596809
            ],
            [
              -16.2713647,
              28.559622
            ],
            [
              -16.2714183,
              28.5594512
            ],
            [
              -16.2714988,
              28.5593658
            ],
            [
              -16.2717167,
              28.5592628
            ],
            [
              -16.2717603,
              28.5592186
            ],
            [
              -16.2717804,
              28.5591656
            ],
            [
              -16.2718173,
              28.5589389
            ],
            [
              -16.2718508,
              28.5588888
            ],
            [
              -16.2718508,
              28.5587887
            ],
            [
              -16.2717737,
              28.5586945
            ],
            [
              -16.2715927,
              28.558612
            ],
            [
              -16.2713882,
              28.5586091
            ],
            [
              -16.270892,
              28.5586503
            ],
            [
              -16.2707545,
              28.5586356
            ],
            [
              -16.2706942,
              28.5586091
            ],
            [
              -16.2705936,
              28.5585207
            ],
            [
              -16.2704362,
              28.5583184
            ],
            [
              -16.2702986,
              28.5581114
            ],
            [
              -16.2702751,
              28.5580555
            ],
            [
              -16.2702717,
              28.5579347
            ],
            [
              -16.270312,
              28.5578935
            ],
            [
              -16.270369,
              28.5578729
            ],
            [
              -16.2706774,
              28.5578346
            ],
            [
              -16.2709825,
              28.5577728
            ],
            [
              -16.2710864,
              28.5577139
            ],
            [
              -16.2711635,
              28.5576255
            ],
            [
              -16.2711635,
              28.5575077
            ],
            [
              -16.2711132,
              28.5572751
            ],
            [
              -16.2708819,
              28.5570395
            ],
            [
              -16.2706707,
              28.5570366
            ],
            [
              -16.2704092,
              28.5570778
            ],
            [
              -16.2703455,
              28.5570513
            ],
            [
              -16.2703723,
              28.5568776
            ],
            [
              -16.2703857,
              28.5565183
            ],
            [
              -16.2704763,
              28.5563623
            ],
            [
              -16.2706506,
              28.5561944
            ],
            [
              -16.2707076,
              28.5560913
            ],
            [
              -16.2707176,
              28.5559147
            ],
            [
              -16.2707076,
              28.5558558
            ],
            [
              -16.2706741,
              28.5558057
            ],
            [
              -16.2706137,
              28.5557409
            ],
            [
              -16.2705567,
              28.5557085
            ],
            [
              -16.270493,
              28.5556938
            ],
            [
              -16.2703522,
              28.5556938
            ],
            [
              -16.2701511,
              28.5557232
            ],
            [
              -16.2699231,
              28.5558293
            ],
            [
              -16.2698594,
              28.555844
            ],
            [
              -16.2697286,
              28.5558528
            ],
            [
              -16.2695912,
              28.555841
            ],
            [
              -16.2694638,
              28.5558086
            ],
            [
              -16.2692861,
              28.5557144
            ],
            [
              -16.2692425,
              28.5556702
            ],
            [
              -16.2691788,
              28.5555554
            ],
            [
              -16.2691754,
              28.5554965
            ],
            [
              -16.2692258,
              28.5553899
            ],
            [
              -16.2694369,
              28.5553316
            ],
            [
              -16.2694906,
              28.555308
            ],
            [
              -16.2695275,
              28.5552639
            ],
            [
              -16.2695342,
              28.555205
            ],
            [
              -16.2694973,
              28.5550312
            ],
            [
              -16.2695442,
              28.5548663
            ],
            [
              -16.269675,
              28.554672
            ],
            [
              -16.2696985,
              28.5546131
            ],
            [
              -16.2697756,
              28.5545159
            ],
            [
              -16.2698191,
              28.5544069
            ],
            [
              -16.2698124,
              28.5542891
            ],
            [
              -16.2697655,
              28.5540447
            ],
            [
              -16.2698191,
              28.5538297
            ],
            [
              -16.269903,
              28.5536089
            ],
            [
              -16.2698795,
              28.5533674
            ],
            [
              -16.2698929,
              28.5532496
            ],
            [
              -16.2699901,
              28.5531819
            ],
            [
              -16.2702751,
              28.5530759
            ],
            [
              -16.2703924,
              28.5530582
            ],
            [
              -16.2705064,
              28.5530788
            ],
            [
              -16.2705936,
              28.5532143
            ],
            [
              -16.2707411,
              28.5533792
            ],
            [
              -16.2707981,
              28.553388
            ],
            [
              -16.2710495,
              28.5533674
            ],
            [
              -16.2711602,
              28.5533262
            ],
            [
              -16.2712071,
              28.5532879
            ],
            [
              -16.2712809,
              28.5531171
            ],
            [
              -16.2712641,
              28.5530023
            ],
            [
              -16.27113,
              28.5528285
            ],
            [
              -16.27113,
              28.5527696
            ],
            [
              -16.2711602,
              28.5526577
            ],
            [
              -16.2712473,
              28.5524368
            ],
            [
              -16.2712406,
              28.5521954
            ],
            [
              -16.271187,
              28.5520216
            ],
            [
              -16.2711937,
              28.5519068
            ],
            [
              -16.2712473,
              28.5518037
            ],
            [
              -16.2712608,
              28.5517448
            ],
            [
              -16.2712608,
              28.5516859
            ],
            [
              -16.2712172,
              28.5515122
            ],
            [
              -16.2711503,
              28.5513829
            ],
            [
              -16.2710486,
              28.5513051
            ],
            [
              -16.2708339,
              28.5512864
            ],
            [
              -16.270724,
              28.5512533
            ],
            [
              -16.2706306,
              28.5511957
            ],
            [
              -16.2705912,
              28.5510286
            ],
            [
              -16.2705929,
              28.5509019
            ],
            [
              -16.2705631,
              28.5507604
            ],
            [
              -16.2705322,
              28.5506152
            ],
            [
              -16.2705288,
              28.550492
            ],
            [
              -16.2705316,
              28.5504522
            ],
            [
              -16.2705075,
              28.5502671
            ],
            [
              -16.2704608,
              28.550218
            ],
            [
              -16.2704122,
              28.5501945
            ],
            [
              -16.2703879,
              28.550171
            ],
            [
              -16.2703673,
              28.5501273
            ],
            [
              -16.2703855,
              28.5500312
            ],
            [
              -16.2704159,
              28.5499853
            ],
            [
              -16.2705052,
              28.5499176
            ],
            [
              -16.2706232,
              28.5498666
            ],
            [
              -16.2707831,
              28.5498495
            ],
            [
              -16.2708451,
              28.5498618
            ],
            [
              -16.2709091,
              28.5498495
            ],
            [
              -16.2709691,
              28.5498249
            ],
            [
              -16.2710551,
              28.5497388
            ],
            [
              -16.2710771,
              28.5496861
            ],
            [
              -16.2710711,
              28.5495983
            ],
            [
              -16.2710531,
              28.5495772
            ],
            [
              -16.2710471,
              28.5495438
            ],
            [
              -16.2708791,
              28.5493927
            ],
            [
              -16.2708491,
              28.5493488
            ],
            [
              -16.2707131,
              28.549231
            ],
            [
              -16.270589,
              28.5491555
            ],
            [
              -16.270511,
              28.5490694
            ],
            [
              -16.2702542,
              28.5488991
            ],
            [
              -16.2701269,
              28.5487947
            ],
            [
              -16.2700873,
              28.5487276
            ],
            [
              -16.2700647,
              28.5486556
            ],
            [
              -16.2699572,
              28.5484941
            ],
            [
              -16.2697648,
              28.5482928
            ],
            [
              -16.2696969,
              28.5482555
            ],
            [
              -16.2696081,
              28.5481438
            ],
            [
              -16.2695501,
              28.5480225
            ],
            [
              -16.2695401,
              28.5479259
            ],
            [
              -16.2695941,
              28.5478222
            ],
            [
              -16.2696981,
              28.5477238
            ],
            [
              -16.2697801,
              28.5476289
            ],
            [
              -16.2698021,
              28.5474849
            ],
            [
              -16.269766,
              28.5472781
            ],
            [
              -16.2696839,
              28.5471886
            ],
            [
              -16.2696217,
              28.5471364
            ],
            [
              -16.269551,
              28.5470917
            ],
            [
              -16.2695114,
              28.5470867
            ],
            [
              -16.2694548,
              28.5470345
            ],
            [
              -16.2693813,
              28.5469998
            ],
            [
              -16.2693303,
              28.5469426
            ],
            [
              -16.2692939,
              28.5468415
            ],
            [
              -16.2692619,
              28.5467958
            ],
            [
              -16.2691239,
              28.5466412
            ],
            [
              -16.2690799,
              28.5465411
            ],
            [
              -16.2690714,
              28.5463927
            ],
            [
              -16.2690799,
              28.5463057
            ],
            [
              -16.2690686,
              28.546266
            ],
            [
              -16.2690432,
              28.5462362
            ],
            [
              -16.2690092,
              28.5461268
            ],
            [
              -16.2689611,
              28.5460622
            ],
            [
              -16.2689357,
              28.5459877
            ],
            [
              -16.268913,
              28.5459057
            ],
            [
              -16.2688902,
              28.5457106
            ],
            [
              -16.268869,
              28.5456572
            ],
            [
              -16.2687827,
              28.5455392
            ],
            [
              -16.2686724,
              28.545323
            ],
            [
              -16.2685875,
              28.545205
            ],
            [
              -16.2685295,
              28.5451441
            ],
            [
              -16.2684956,
              28.5450671
            ],
            [
              -16.2683881,
              28.5449652
            ],
            [
              -16.2683146,
              28.5448521
            ],
            [
              -16.2682566,
              28.5448235
            ],
            [
              -16.2682099,
              28.5447738
            ],
            [
              -16.2681038,
              28.5447117
            ],
            [
              -16.2678747,
              28.5445067
            ],
            [
              -16.2676332,
              28.5443097
            ],
            [
              -16.2675432,
              28.5441779
            ],
            [
              -16.2674171,
              28.5440567
            ],
            [
              -16.2673431,
              28.543946
            ],
            [
              -16.2672891,
              28.5438177
            ],
            [
              -16.2672711,
              28.5437158
            ],
            [
              -16.2672631,
              28.5433134
            ],
            [
              -16.2672958,
              28.5432164
            ],
            [
              -16.2673314,
              28.5431108
            ],
            [
              -16.2673611,
              28.5430228
            ],
            [
              -16.267412,
              28.5429557
            ],
            [
              -16.2675054,
              28.5427669
            ],
            [
              -16.2676496,
              28.5425954
            ],
            [
              -16.2677317,
              28.5424538
            ],
            [
              -16.2677629,
              28.5423327
            ],
            [
              -16.2677657,
              28.5422159
            ]
          ]
        ]
      }
    }
  ]
}
